model,mutation,complex_ddG,complex_native_dG,complex_mutant_dG,FA_RMSD,CA_RMSD,chainA_interface_native_dG,chainA_interface_mutant_dG,chainA_interface_ddG,wt_rmsd,mut_rmsd,ratio_rmsd,wt_fa_atr,wt_fa_rep,wt_fa_sol,wt_fa_intra_rep,wt_fa_intra_sol_xover4,wt_lk_ball_wtd,wt_fa_elec,wt_pro_close,wt_hbond_sr_bb,wt_hbond_lr_bb,wt_hbond_bb_sc,wt_hbond_sc,wt_dslf_fa13,wt_omega,wt_fa_dun,wt_p_aa_pp,wt_yhh_planarity,wt_ref,wt_rama_prepro,wt_total_score,mut_fa_atr,mut_fa_rep,mut_fa_sol,mut_fa_intra_rep,mut_fa_intra_sol_xover4,mut_lk_ball_wtd,mut_fa_elec,mut_pro_close,mut_hbond_sr_bb,mut_hbond_lr_bb,mut_hbond_bb_sc,mut_hbond_sc,mut_dslf_fa13,mut_omega,mut_fa_dun,mut_p_aa_pp,mut_yhh_planarity,mut_ref,mut_rama_prepro,mut_total_score,delta_fa_elec,delta_ref,delta_fa_dun,delta_hbond_bb_sc,delta_omega,delta_yhh_planarity,delta_fa_sol,delta_hbond_sr_bb,delta_fa_atr,delta_fa_rep,delta_hbond_lr_bb,delta_fa_intra_sol_xover4,delta_pro_close,delta_fa_intra_rep,delta_p_aa_pp,delta_lk_ball_wtd,delta_hbond_sc,delta_dslf_fa13,delta_rama_prepro,delta_total_score
6DRC,T106M,1.412340961,-22063.86723,-22062.45489,0.877752125,0.090945408,-489.0273612,-489.0668973,-0.039536118,1.029367768,0.604321767,0.587080523,-56691.71923,8801.811696,36687.45251,119.6272479,1876.423287,-1381.046381,-16984.8454,58.38534019,-4902.05595,-829.686553,-1567.472324,-1447.393896,-1.329800119,1028.862002,10996.62373,-1341.849223,0,3235.45488,278.8908279,0,-56692.55405,8801.843635,36686.10936,119.6229965,1876.427961,-1380.940307,-16983.49337,58.37945182,-4901.841637,-829.6781424,-1567.449099,-1447.366066,-1.329800119,1028.84338,10997.90629,-1341.779868,0,3235.96048,278.8838979,0,1.352021251,0.5056,1.282562942,0.023224977,-0.018621938,0,-1.343152834,0.214312933,-0.834816676,0.031938513,0.008410608,0.004673354,-0.005888376,-0.004251369,0.069354537,0.106073244,0.027829842,0,-0.006930047,0
6DRC,P187S,-2.723554291,-22065.00035,-22067.72391,0.747365117,0.208466247,-490.0464788,-490.485954,-0.439475198,1.090113555,0.728009599,0.667829141,-56680.60398,8790.405359,36684.46674,119.8699707,1878.013985,-1381.470084,-16984.04149,58.16947218,-4901.509782,-830.1330576,-1566.882587,-1448.420724,-1.329800119,1030.055728,10995.95064,-1342.312091,0.014048568,3235.45488,279.302426,0,-56676.02947,8785.784761,36684.50024,119.6495315,1877.899013,-1381.835664,-16986.53656,58.41464828,-4901.506566,-830.7613468,-1567.740849,-1450.457075,-1.329800119,1031.704833,10994.53184,-1341.333601,0.012607199,3236.8084,280.5011525,0,-2.495063219,1.35352,-1.418802338,-0.858261349,1.649105805,-0.001441369,0.033501191,0.003215442,4.57450764,-4.620597553,-0.628289168,-0.114971728,0.245176102,-0.220439221,0.978490359,-0.36558034,-2.036351027,0,1.198726482,0
6DRC,L374W,2.182284471,-22069.46645,-22067.28417,0.940560341,0.156437248,-487.677772,-487.6638581,0.013913949,0.579188959,0.516112302,0.891094856,-56697.75505,8787.847249,36695.27074,119.6398025,1877.45182,-1379.910564,-16989.24314,58.34075941,-4901.597394,-829.3567186,-1567.351355,-1445.248076,-1.329800119,1033.227678,10997.15649,-1341.695191,0,3235.45488,279.6314202,0,-56697.48243,8787.422005,36694.9152,119.6399361,1877.659778,-1379.941626,-16989.17321,58.33246422,-4901.583034,-829.3484047,-1567.408744,-1445.224108,-1.329800119,1033.570078,10998.7317,-1341.759733,0,3236.0544,279.6413663,0,0.069933605,0.59952,1.575210128,-0.057389018,0.342399543,0,-0.355542984,0.014359636,0.272616203,-0.425243959,0.008313924,0.207958531,-0.008295186,0.000133547,-0.064541921,-0.031062013,0.023968383,0,0.009946052,0
6DRC,D742E,0.891780129,-22062.78681,-22061.89503,0.27362141,0.119086437,-486.9186697,-487.6346531,-0.715983362,0.362303745,0.232458192,0.64161134,-56680.16506,8783.419606,36686.45094,119.6809696,1877.539447,-1381.410908,-16984.05298,58.34070642,-4901.502986,-829.2210767,-1567.747427,-1445.093892,-1.329800119,1028.781926,10999.97587,-1341.892897,0.045069767,3235.45488,279.9408097,0,-56679.87478,8783.240934,36685.35469,119.6575665,1877.512924,-1380.861515,-16983.24443,58.33436989,-4901.449852,-829.1282076,-1568.484397,-1445.22929,-1.329800119,1029.011694,11001.34234,-1341.724207,0.130196817,3234.87609,279.9706425,0,0.808553442,-0.57879,1.366474487,-0.736970547,0.229767239,0.08512705,-1.096245893,0.053134672,0.290277744,-0.178671873,0.092869106,-0.026522866,-0.006336531,-0.02340308,0.16869052,0.549392746,-0.135398863,0,0.029832775,0
6DRC,M1054T,-3.820217072,-22081.98354,-22085.80376,0.396306694,0.126762882,-487.8399322,-487.9096187,-0.06968642,0.358236723,0.331558558,0.92552923,-56691.08269,8777.9365,36687.31475,119.648078,1877.551813,-1381.291628,-16987.42981,58.3655027,-4900.876134,-829.0537621,-1567.904264,-1444.327457,-1.329800119,1029.301516,10998.91737,-1341.928132,0,3235.45488,278.7497232,0,-56685.47451,8774.673045,36684.80436,119.6446246,1877.562325,-1381.857312,-16987.54572,58.3655027,-4900.948488,-829.0731687,-1568.315663,-1445.746224,-1.329800119,1029.493174,10997.84202,-1341.831455,0,3234.94928,278.9842496,0,-0.115914572,-0.5056,-1.075348183,-0.411399093,0.191658561,0,-2.510394298,-0.072353673,5.608184901,-3.263454258,-0.019406643,0.010511881,0,-0.003453453,0.096676789,-0.565684214,-1.418767144,0,0.234526328,0
6DRC,V1172I,-0.513880996,-22071.47431,-22071.98819,0.547217965,0.147109494,-484.4451446,-484.5285534,-0.083408817,0.534810697,0.40619659,0.759514707,-56689.37377,8791.707447,36688.67849,119.6347438,1877.183703,-1380.831317,-16987.73516,58.36639929,-4901.208177,-829.6692521,-1568.486922,-1445.874579,-1.329800119,1029.920936,10995.83615,-1342.584986,0.250696606,3235.45488,278.5862043,0,-56689.91744,8791.790589,36688.40449,119.6467504,1877.198969,-1380.761308,-16987.25636,58.37468822,-4901.250833,-829.6737446,-1568.232842,-1445.875373,-1.329800119,1029.71455,10995.70027,-1342.581436,0.306946557,3235.11593,278.6377635,0,0.47879966,-0.33895,-0.13588364,0.254080337,-0.206386388,0.056249951,-0.274005669,-0.042655721,-0.543664414,0.083142121,-0.004492546,0.01526641,0.00828893,0.012006645,0.00355,0.070008202,-0.000794063,0,0.051559189,0
6DRC,W1718S,0.947892851,-22064.31411,-22063.36622,0.714931905,0.109784946,-487.9246167,-487.889195,0.035421675,0.461097516,0.974837888,2.114168597,-56694.87123,8802.538118,36689.26567,119.652725,1877.142175,-1380.588576,-16990.05301,58.48473257,-4901.207929,-829.5569376,-1568.187414,-1444.912631,-1.329800119,1031.096351,10995.75882,-1342.253642,0,3235.45488,279.253594,0,-56688.01914,8802.978714,36688.92188,119.6317638,1876.63457,-1379.873014,-16990.13568,58.48182619,-4901.179071,-829.3065679,-1568.039622,-1444.926001,-1.329800119,1030.068552,10993.07495,-1342.189027,0,3232.9042,278.9352589,0,-0.082674458,-2.55068,-2.683867051,0.147791801,-1.027799297,0,-0.343792751,0.028858313,6.852090648,0.440596876,0.250369713,-0.507604637,-0.002906376,-0.020961186,0.064615269,0.715561282,-0.013370203,0,-0.318335091,0
6DRC,V1937I,0.215625005,-22062.39677,-22062.18114,0.299051106,0.169611365,-488.7713789,-488.7370789,0.034299953,0.409163235,0.281115058,0.687048674,-56703.60945,8807.469279,36690.95757,119.6306562,1877.429976,-1380.276038,-16986.86019,58.36261322,-4902.057694,-829.2814977,-1568.875541,-1444.157848,-1.329800119,1030.130342,10998.10067,-1342.236633,0.000167878,3235.45488,278.7517566,0,-56708.9237,8809.887375,36691.75483,119.6354429,1877.475076,-1380.107189,-16986.45062,58.38842532,-4900.961208,-829.2888944,-1569.189755,-1444.129569,-1.329800119,1030.336413,10999.24052,-1342.41121,0.001735145,3235.11593,278.7750565,0,0.409567369,-0.33895,1.139845864,-0.314214154,0.206071562,0.001567267,0.797250751,1.096485603,-5.31424976,2.418096239,-0.007396741,0.045100317,0.025812096,0.004786672,-0.174576776,0.168848776,0.028279947,0,0.023299973,0
6DRC,I1967L,-2.116874974,-22060.94265,-22063.05953,0.673100591,0.184527755,-488.8452944,-488.9241811,-0.078886699,0.253557239,0.220561818,0.869869931,-56700.59905,8808.29034,36692.00689,119.6295846,1876.489048,-1380.492891,-16989.04245,58.3655027,-4901.216914,-829.2591389,-1568.803768,-1444.780805,-1.329800119,1030.495374,10996.85775,-1342.236368,0,3235.45488,279.2291703,0,-56698.15331,8807.567585,36687.72221,119.6063642,1875.878459,-1380.881942,-16987.08354,58.3655027,-4901.627874,-829.2821632,-1569.035693,-1442.400991,-1.329800119,1030.014382,10996.20749,-1342.783196,0,3234.81261,279.3443818,0,1.958914838,-0.64227,-0.650257429,-0.231924875,-0.48099246,0,-4.284684372,-0.410960765,2.445742886,-0.722754848,-0.023024299,-0.610589558,-9.38E-13,-0.023220409,-0.546827795,-0.389050957,2.379813547,0,0.115211522,0
6DRC,I2273T,-8.224739856,-22069.05921,-22077.28395,1.13548696,0.594909012,-488.4896371,-487.3456125,1.144024569,0.249443344,0.359693672,1.441985447,-56701.51116,8799.920093,36685.37577,119.6180091,1877.240195,-1380.802614,-16984.12808,58.38948067,-4901.670939,-829.3991567,-1567.516804,-1444.103266,-1.329800119,1028.916406,10998.57195,-1341.698069,0.001724371,3235.45488,279.6121713,0,-56700.48591,8791.301445,36691.22765,119.6037857,1877.136064,-1379.889128,-16989.50031,57.41401724,-4902.048321,-829.4048785,-1567.51337,-1445.066948,-1.329800119,1029.436505,11000.20647,-1341.920745,0.086972256,3234.30289,279.1596595,0,-5.372230685,-1.15199,1.634526677,0.003434047,0.520098849,0.085247885,5.851873538,-0.377382443,1.025254541,-8.618648114,-0.005721831,-0.104131456,-0.975463434,-0.01422333,-0.222676692,0.913485966,-0.96368156,0,-0.452511811,0
6DRC,V2295M,0.225626809,-22064.07907,-22063.85345,0.317279398,0.143753424,-488.0455242,-488.0322886,0.013235569,0.568950795,0.606867271,1.066642804,-56697.4171,8800.785728,36690.93946,119.6241617,1877.402729,-1380.412297,-16987.89967,58.3655027,-4900.663039,-829.3487224,-1568.172858,-1445.220822,-1.329800119,1029.606948,10997.51263,-1342.019702,0,3235.45488,278.7129051,0,-56700.91208,8801.715223,36692.61587,119.6086927,1877.353583,-1380.641232,-16988.05296,58.3655027,-4899.743304,-829.3520079,-1568.242096,-1446.184998,-1.329800119,1029.901855,10999.44181,-1341.866499,0,3234.46954,278.9994589,0,-0.153294913,-0.98534,1.929186838,-0.069237811,0.294906489,0,1.676410627,0.919735001,-3.494980254,0.929495547,-0.003285484,-0.049146058,0,-0.015468928,0.153202471,-0.228934957,-0.96417557,0,0.286553813,0
6DRC,E2398Q,0.953594163,-22060.47645,-22059.52285,0.304295391,0.258063108,-488.2606649,-488.31206,-0.051395058,0.33248454,1.026272896,3.086678543,-56698.24964,8807.823415,36692.4532,119.6146152,1877.430734,-1380.959394,-16987.24731,58.34780004,-4901.978118,-829.6870979,-1569.866171,-1444.075189,-1.329800119,1027.291664,10996.98501,-1341.80937,0,3235.45488,279.3243183,0,-56698.71681,8808.110102,36691.88233,119.6153726,1877.362878,-1381.121637,-16986.10508,58.36867761,-4901.945012,-829.7213817,-1569.921936,-1444.076762,-1.329800119,1027.017246,10996.58364,-1341.7976,0,3236.72846,279.544448,0,1.14223104,1.27358,-0.401371013,-0.055765299,-0.274418267,0,-0.570866636,0.033106452,-0.467168608,0.286687205,-0.034283786,-0.067856347,0.020877568,0.000757351,0.011770637,-0.162243063,-0.001572698,5.74E-13,0.220129626,0