,model,mutation,complex_ddG,complex_native_dG,complex_mutant_dG,FA_RMSD,CA_RMSD,chainA_interface_native_dG,chainA_interface_mutant_dG,chainA_interface_ddG,wt_rmsd,mut_rmsd,ratio_rmsd,wt_fa_atr,wt_fa_rep,wt_fa_sol,wt_fa_intra_rep,wt_fa_intra_sol_xover4,wt_lk_ball_wtd,wt_fa_elec,wt_pro_close,wt_hbond_sr_bb,wt_hbond_lr_bb,wt_hbond_bb_sc,wt_hbond_sc,wt_dslf_fa13,wt_omega,wt_fa_dun,wt_p_aa_pp,wt_yhh_planarity,wt_ref,wt_rama_prepro,wt_total_score,mut_fa_atr,mut_fa_rep,mut_fa_sol,mut_fa_intra_rep,mut_fa_intra_sol_xover4,mut_lk_ball_wtd,mut_fa_elec,mut_pro_close,mut_hbond_sr_bb,mut_hbond_lr_bb,mut_hbond_bb_sc,mut_hbond_sc,mut_dslf_fa13,mut_omega,mut_fa_dun,mut_p_aa_pp,mut_yhh_planarity,mut_ref,mut_rama_prepro,mut_total_score,delta_ref,delta_fa_rep,delta_hbond_sr_bb,delta_fa_atr,delta_hbond_bb_sc,delta_pro_close,delta_yhh_planarity,delta_hbond_sc,delta_hbond_lr_bb,delta_p_aa_pp,delta_fa_intra_sol_xover4,delta_fa_intra_rep,delta_fa_dun,delta_total_score,delta_rama_prepro,delta_omega,delta_dslf_fa13,delta_lk_ball_wtd,delta_fa_sol,delta_fa_elec,highest_contributor,highest_contributor_value,highest_contributor_wordy,lowest_contributor,lowest_contributor_value,lowest_contributor_wordy
0,6DRC,A18S,0.47512007076875307,-22067.541212706525,-22067.066092635756,0.4317740499973297,0.10066594183444977,-489.6796211261426,-489.42504348450166,0.2545776416409353,0.2918209505749154,0.17383400860885304,0.595687212540372,-56689.235642248655,8797.657627337654,36683.487380254046,119.64566602142064,1877.314068294716,-1380.1428181477356,-16987.84804657615,58.2789384894871,-4901.561784720853,-829.6942595953303,-1569.0426800259124,-1445.3002086552328,-1.3298001190625819,1029.7616129980659,10998.360826500606,-1341.9430985063987,0.004604020390523433,3235.454880000014,278.5915219724072,-0.0,-56686.31240292329,8797.165123826077,36686.32074074662,119.64676378417322,1877.4255596469823,-1380.4554855137883,-16988.526347360046,58.2962526421635,-4901.567877147095,-829.6171153909855,-1571.336776638861,-1446.8804610394932,-1.3298001190625819,1029.2632035953377,10999.99392047377,-1342.1653725845233,0.018922707216341393,3233.8405100000145,279.15454865905923,-0.0,-1.614369999999326,-0.4925035115775245,-0.006092426241593785,2.923239325362374,-2.2940966129485787,0.017314152676398464,0.01431868682581796,-1.5802523842603478,0.07714420434479052,-0.22227407812465572,0.1114913522662846,0.0010977627525790012,1.6330939731633407,0.0,0.5630266866520515,-0.49840940272815715,0.0,-0.3126673660526649,2.8333604925719555,-0.6783007838967023,fa_atr,2.923239325362374,"Lennard-Jones attractive between atoms in different residues (r^6 term, London dispersion forces).",hbond_bb_sc,-2.2940966129485787,Sidechain-backbone hydrogen bond energy.
1,6DRC,N23S,1.3740478545732913,-22064.795873380488,-22063.421825525915,0.11422934383153915,0.07314643263816833,-489.3754712672817,-489.40229050922426,-0.0268192419425759,0.48049418375097824,0.26186405517683026,0.5449890217870865,-56693.500621363135,8800.280870350422,36689.100723753705,119.64251068941927,1877.3657336736965,-1379.876847683811,-16988.236804207158,58.3873396984543,-4901.516213228516,-829.8211699311546,-1568.907832249683,-1446.5631053082816,-1.3298001190625819,1029.3236001970329,10998.1665958632,-1342.0286994445644,0.005861086728871749,3235.454880000014,279.2571048422149,-0.0,-56690.36161970869,8800.569515913881,36686.543954442626,119.64128674956648,1877.131516748752,-1380.047798467411,-16988.1844785406,58.379537531569326,-4901.424415198461,-829.8041415404854,-1567.4397162599284,-1446.506563147521,-1.3298001190625819,1029.2067012792131,10996.645102884337,-1341.7304089268594,0.010496057595859622,3236.5054500000138,278.773554775554,-0.0,1.0505699999998797,0.2886455634597951,0.09179803005463327,3.1390016544464743,1.4681159897545513,-0.007802166884971484,0.0046349708669878725,0.05654216076050034,0.01702839066922479,0.298290517705027,-0.23421692494457602,-0.001223939852792455,-1.5214929788635345,0.0,-0.48355006666093914,-0.11689891781975348,0.0,-0.17095078359989202,-2.556769311078824,0.05232566655831761,fa_atr,3.1390016544464743,"Lennard-Jones attractive between atoms in different residues (r^6 term, London dispersion forces).",fa_sol,-2.556769311078824,Lazaridis-Karplus solvation energy.
2,6DRC,N23K,1.3356002124928636,-22064.804724053898,-22063.469123841405,0.14660124480724335,0.10059622675180435,-489.3645818768673,-489.4176609395581,-0.05307906269081286,0.6326427374718822,0.5853541375426078,0.9252522835901896,-56693.18362598394,8800.113963440921,36688.90151218535,119.64330833744424,1877.3701602862195,-1379.9995928005148,-16988.076335175243,58.396728474327304,-4901.48060565502,-829.8793453748693,-1568.884303214982,-1446.4952490761302,-1.3298001190625819,1029.2431608219474,10998.254410872838,-1341.969726524157,0.006557264103078005,3235.454880000014,279.10917818685,-0.0,-56691.73296325857,8800.702869506733,36685.770493257194,119.6434650880879,1877.1347781330617,-1379.1171213950572,-16987.726357259282,58.3961703918103,-4901.496685271914,-829.7961532616191,-1566.8344885415136,-1446.4508998388276,-1.3298001190625819,1029.174471541296,10997.343805672182,-1341.8762779864396,0.013500912460570336,3236.080560000014,278.6315085880411,-0.0,0.6256800000001022,0.5889060658118979,-0.01607961689478543,1.45066272537224,2.049814673468518,-0.0005580825170028447,0.006943648357492331,0.044349237302640176,0.08319211325022025,0.09344853771744965,-0.23538215315784328,0.00015675064365439084,-0.9106052006554819,0.0,-0.4776695988089159,-0.0686892806513697,0.0,0.8824714054576361,-3.131018928157573,0.34997791596106254,hbond_bb_sc,2.049814673468518,Sidechain-backbone hydrogen bond energy.,fa_sol,-3.131018928157573,Lazaridis-Karplus solvation energy.
3,6DRC,I184S,4.371343521532253,-22068.627307113904,-22064.25596359237,0.17627257108688354,0.06793747842311859,-489.77620682488487,-489.6540981288381,0.1221086960467801,0.09758558057117438,0.09370302416275766,0.9602138309195696,-56689.8679241775,8796.619433138429,36685.24147669134,119.64188273503767,1877.373517174438,-1380.5477370157248,-16987.570738801533,58.36165469407625,-4901.396909203801,-829.4263112780326,-1567.9794589894632,-1445.2244742580597,-1.3298001190625819,1028.79745874579,10996.760330641586,-1342.2474801915469,0.0014037396298038907,3235.454880000014,278.7114893604915,-0.0,-56684.794850090744,8795.865218634235,36687.30741062498,119.61782358432576,1877.363706431102,-1380.8585218310666,-16987.946384976345,58.379679967191755,-4901.404124583615,-829.7123362229501,-1567.9182842097243,-1446.1311875856416,-1.3298001190625819,1029.076408549597,10996.974893853225,-1341.0840620268666,0.002011806667708213,3232.861450000014,279.47498460230344,-0.0,-2.5934299999998984,-0.7542145041934418,-0.007215379813715117,5.0730740867584245,0.06117477973884888,0.01802527311550506,0.0006080670379043224,-0.9067133275818833,-0.28602494491747166,1.1634181646802517,-0.009810743335947336,-0.02405915071190634,0.21456321163896064,0.0,0.7634952418119383,0.27894980380710876,0.0,-0.31078481534177627,2.065933933634369,-0.375646174812573,fa_atr,5.0730740867584245,"Lennard-Jones attractive between atoms in different residues (r^6 term, London dispersion forces).",ref,-2.5934299999998984,Reference energy for each amino acid. Balances internal energy of amino acid terms.  Plays role in design.
4,6DRC,p.Trp219Ter,ValueError: 'TER' is not in list,,,,,,,,,,,,,,,,,,,,,,,,,,,,,,,,,,,,,,,,,,,,,,,,,,,,,,,,,,,,,,,,,,,,,,,ref,,Reference energy for each amino acid. Balances internal energy of amino acid terms.  Plays role in design.,ref,,Reference energy for each amino acid. Balances internal energy of amino acid terms.  Plays role in design.
5,6DRC,R270H,6.373400804390258,-22065.14166307296,-22058.768262268568,0.38040322065353394,0.11094781011343002,-487.1023850274905,-477.7775208991552,9.32486412833532,0.5202855759261492,0.5013846001047914,0.9636719203915799,-56688.36710254543,8789.471552515724,36688.84284402273,119.64236442831863,1877.3405510590067,-1380.7171622770861,-16985.05684983669,58.372127105751574,-4901.495719515676,-829.4682796501419,-1567.883270383551,-1446.0800177421036,-1.3298001190625819,1029.409880319192,10999.923005064853,-1342.0455369845245,0.0,3235.454880000014,278.8448714657122,-0.0,-56679.1746306232,8786.8191394413,36678.03888725748,119.6128455655679,1876.9561591363704,-1380.4309652434813,-16976.03404602917,58.372115441352705,-4901.429975190425,-829.469454913275,-1570.0971220959577,-1440.4638497985782,-1.3298001190625819,1029.48260345777,10998.595634106303,-1342.0074176076196,0.0,3235.2489700000137,278.54264494604445,-0.0,-0.20591000000013082,-2.652413074423748,0.06574432525121665,9.192471922229743,-2.213851712406722,-1.1664398869015713e-05,0.0,5.616167943525397,-0.0011752631330637087,0.03811937690488776,-0.38439192263626865,-0.029518862750734343,-1.327370958550091,0.0,-0.30222651966772673,0.07272313857788504,0.0,0.2861970336048216,-10.803956765252224,9.022803807518358,fa_atr,9.192471922229743,"Lennard-Jones attractive between atoms in different residues (r^6 term, London dispersion forces).",fa_sol,-10.803956765252224,Lazaridis-Karplus solvation energy.
6,6DRC,R743C,0.2123102287077927,-22076.876238232402,-22076.663928003694,0.41360554099082947,0.10029847174882889,-487.3169813109271,-488.57945671631023,-1.2624754053831566,0.05684706664857158,0.5568685116246708,9.795905830413915,-56679.285120080436,8772.43567278862,36690.648147504355,119.67303220219196,1876.7814484286937,-1380.689366357475,-16988.66438905026,58.34567818149493,-4901.615732879906,-829.2674788276039,-1568.0885986305707,-1448.1301975553165,-1.3298001190625819,1029.6374426459918,10999.174772565673,-1341.641840802824,0.18559995134993373,3235.454880000014,279.499611802666,-0.0,-56672.76457638236,8772.951729766279,36680.288142550955,119.66071446307625,1876.4698294549742,-1379.5249066105266,-16986.181131736907,58.33699695338716,-4901.544174518173,-829.1973741767224,-1567.3134798446758,-1448.1202283292446,-1.3298001190625819,1029.49024793894,10996.58567811377,-1342.3524523579852,0.20497041837905003,3238.8044100000143,278.8714764121854,-0.0,3.3495300000004136,0.5160569776580815,0.07155836173296848,6.520543698075926,0.775118785894847,-0.008681228107775496,0.019370467029116295,0.009969226071916637,0.07010465088148976,-0.710611555161222,-0.31161897371953273,-0.012317739115715653,-2.589094451903293,0.0,-0.6281353904805655,-0.14719470705176718,0.0,1.164459746948296,-10.360004953399766,2.4832573133535334,fa_atr,6.520543698075926,"Lennard-Jones attractive between atoms in different residues (r^6 term, London dispersion forces).",fa_sol,-10.360004953399766,Lazaridis-Karplus solvation energy.
7,6DRC,V1121M,6.432498238169501,-22072.694299866595,-22066.261801628425,0.6573624014854431,0.20059405267238617,-485.13416742422123,-484.8042314787672,0.3299359454540536,0.374407220565546,0.4144148527310531,1.106855931103773,-56678.73154220847,8775.549140779418,36680.435164960654,119.6467954239877,1877.184375981824,-1382.3876988308443,-16977.463591462045,58.360819633897506,-4901.065166414913,-829.3673588210606,-1568.0175781130047,-1446.6967956096803,-1.3298001190625819,1030.5341398597498,10998.124911647832,-1342.1938347970138,0.14456493415163485,3235.454880000014,279.12427328796576,-0.0,-56682.08226974395,8780.526417903342,36682.73967565671,119.65965360614568,1877.3922755262042,-1381.665008134129,-16977.884550526513,58.155251795707485,-4900.431720116315,-829.3970582096158,-1568.0238129991308,-1445.9146286762152,-1.3298001190625819,1030.738337761414,10999.0286779728,-1341.6768723551347,0.15921493235223977,3234.4695400000146,279.27487409696323,-0.0,-0.9853399999992689,4.977277123924068,0.6334462985978462,-3.3507275354786543,-0.006234886126094352,-0.20556783819002078,0.014649998200604919,0.7821669334650778,-0.029699388555172845,0.516962441879059,0.2078995443803251,0.012858182157984288,0.9037663249673642,0.0,0.15060080899746708,0.2041979016642017,0.0,0.72269069671529,2.3045106960562407,-0.4209590644677519,fa_rep,4.977277123924068,"Lennard-Jones repulsive between atoms in different residues (r^12 term, Pauli repulsion forces).",fa_atr,-3.3507275354786543,"Lennard-Jones attractive between atoms in different residues (r^6 term, London dispersion forces)."
8,6DRC,T1945I,-1.203114218187693,-22064.863112181312,-22066.0662263995,0.19730135798454285,0.08670474588871002,-487.7171269316823,-487.56533055106047,0.15179638062181766,0.2994063241384912,0.2925324727116686,0.9770417293402156,-56701.26437847937,8806.350471011108,36694.21868244631,119.63873597147087,1877.458714355425,-1380.4288370800448,-16991.763976232967,58.3565053473793,-4901.006319953091,-829.3468372164799,-1569.6834159983132,-1445.5902169372719,-1.3298001190625819,1029.3514376569713,10998.252741650736,-1342.18479505746,0.010431875363520124,3235.454880000014,278.642864577965,-0.0,-56705.83845815827,8809.273140411648,36691.919171274,119.66342474969743,1877.5127009491137,-1379.9146202798581,-16990.41617474556,58.359740235016844,-4901.177513647487,-829.3391861593584,-1569.7589445565536,-1445.5403303466896,-1.3298001190625819,1029.3208276868993,10998.59697986216,-1342.6460939023873,0.030357369120133093,3236.606870000014,278.61168297805744,-0.0,1.1519900000002963,2.9226694005392346,-0.1711936943956971,-4.574079678903217,-0.07552855824042126,0.003234887637546535,0.01992549375661297,0.04988659058221856,0.00765105712150671,-0.46129884492734163,0.0539865936887054,0.02468877822656168,0.34423821142445377,0.0,-0.031181599907540658,-0.0306099700719642,0.0,0.5142168001866594,-2.2995111723139416,1.347801487409015,fa_rep,2.9226694005392346,"Lennard-Jones repulsive between atoms in different residues (r^12 term, Pauli repulsion forces).",fa_atr,-4.574079678903217,"Lennard-Jones attractive between atoms in different residues (r^6 term, London dispersion forces)."
9,6DRC,p.Glu1946ValfsTer8,ValueError: 'ER8' is not in list,,,,,,,,,,,,,,,,,,,,,,,,,,,,,,,,,,,,,,,,,,,,,,,,,,,,,,,,,,,,,,,,,,,,,,,ref,,Reference energy for each amino acid. Balances internal energy of amino acid terms.  Plays role in design.,ref,,Reference energy for each amino acid. Balances internal energy of amino acid terms.  Plays role in design.
10,6DRC,R2471H,5.527833455376822,-22063.515084809456,-22057.98725135408,0.435545951128006,0.27061784267425537,-489.0616136145327,-486.2050241574616,2.8565894570710952,0.5073081473854417,0.2598368666640351,0.5121874505725544,-56702.877882704735,8808.093762522076,36693.73172750719,119.6135324870645,1877.3519465292577,-1380.5084309619224,-16989.47380466121,58.36550270467754,-4901.71149319552,-828.6408492477107,-1569.674499101772,-1445.5610076421012,-1.3298001190625819,1029.2176839951176,10997.584500162948,-1341.777722725769,0.0005221740464745467,3235.454880000014,278.6263474679499,-0.0,-56697.3977817307,8808.596769346064,36682.741655723294,119.59908177090728,1877.0684820223598,-1382.1631575117062,-16981.56571301201,58.36550270467754,-4903.034918457137,-827.2755148259805,-1568.370622461408,-1443.5969231792515,-1.3298001190625819,1030.6207525565826,10998.59491151384,-1342.0351769189224,0.01248059794252191,3235.2489700000137,277.93375062641843,-0.0,-0.20591000000013082,0.5030068239884713,-1.3234252616166486,5.480100974033121,1.3038766403640238,0.0,0.011958423896047364,1.964084462849769,1.3653344217301537,-0.25745419315330764,-0.2834645068978716,-0.014450716157227816,1.0104113508914452,0.0,-0.6925968415314969,1.4030685614650338,0.0,-1.6547265497838453,-10.990071783897292,7.908091649202106,fa_elec,7.908091649202106,Coulombic electrostatic potential with a distance-dependent dielectric.,fa_sol,-10.990071783897292,Lazaridis-Karplus solvation energy.
11,6DRC,G2473S,3.8100785690803605,-22065.461309338913,-22061.651230769832,0.35317522287368774,0.12642325460910797,-488.7829487735362,-489.52692953258884,-0.743980759052647,0.638949429956746,1.065306567211355,1.667278374884021,-56703.800555679576,8811.449124612436,36691.29185478599,119.6096577260153,1876.9383228566458,-1380.9453107455306,-16988.204644180896,58.36550270467754,-4901.58055178421,-828.8895872413875,-1568.417073324574,-1446.3686666622168,-1.3298001190625819,1029.6255972527917,10994.638058009088,-1341.8897085599012,0.0,3235.454880000014,278.5915910107794,-0.0,-56705.58432688699,8811.224374802945,36693.90754419403,119.61315705323615,1877.03023895132,-1380.9814036445064,-16988.40122532944,58.36550270467754,-4901.091978635406,-829.0300532404533,-1569.1119596182712,-1446.67295404369,-1.3298001190625819,1029.3515540161377,10995.878729058426,-1340.2422880152108,0.0,3234.3670300000144,281.0566279823999,-0.0,-1.0878499999994347,-0.22474980949118617,0.48857314880388003,-1.7837712074106093,-0.6948862936972091,0.0,0.0,-0.30428738147315926,-0.14046599906578194,1.6474205446904762,0.09191609467416129,0.0034993272208510007,1.2406710493378341,0.0,2.4650369716205205,-0.2740432366540517,0.0,-0.03609289897576673,2.615689408041362,-0.19658114854246378,fa_sol,2.615689408041362,Lazaridis-Karplus solvation energy.,fa_atr,-1.7837712074106093,"Lennard-Jones attractive between atoms in different residues (r^6 term, London dispersion forces)."
12,6DRC,G2477A,0.4870009671030857,-22067.146712138805,-22066.659711171702,0.6696960926055908,0.28181153535842896,-487.914846720123,-486.15921134237215,1.7556353777508775,0.3995072046778883,0.705625761712856,1.7662403917891358,-56705.09093971707,8809.733414460714,36689.028179438545,119.62586877783303,1876.2807096367465,-1380.1903005872055,-16984.925924594027,58.38274172867267,-4902.375067812926,-829.4198508347343,-1568.0894962619432,-1446.4285953757671,-1.3298001190631408,1028.9887958051152,10996.00019052128,-1341.7502841934481,0.004468488803545112,3235.454880000014,278.95429849964273,-0.0,-56706.041303565384,8811.731166291871,36689.41552428363,119.6219599396728,1876.1424442633936,-1379.2335996971076,-16984.866859186273,58.33184222280471,-4902.416671243854,-829.4664545255474,-1567.550831777799,-1446.3990290510885,-1.3298001190631408,1029.0655140779354,10994.030517947162,-1342.2814653904004,0.007787784477157958,3235.9814000000138,278.5981465738533,-0.0,0.5265199999998913,1.9977518311570748,-0.04160343092735275,-0.950363848314737,0.5386644841441921,-0.050899505867960215,0.003319295673612846,0.029566324678626188,-0.04660369081307181,-0.5311811969522751,-0.13826537335285138,-0.003908838160228356,-1.9696725741177943,0.0,-0.35615192578944743,0.07671827282024424,0.0,0.9567008900978635,0.3873448450831347,0.05906540775322355,fa_rep,1.9977518311570748,"Lennard-Jones repulsive between atoms in different residues (r^12 term, Pauli repulsion forces).",fa_dun,-1.9696725741177943,Internal energy of sidechain rotamers as derived from Dunbrack's statistics (2010 Rotamer Library used in Talaris2013).
13,6DRC,D2478N,-0.5621079657503287,-22066.26867986608,-22066.83078783183,0.5692686438560486,0.2433168739080429,-490.5588542749356,-490.93603812912625,-0.3771838541906618,0.9268045482148437,0.2776345087106553,0.29956101234658217,-56706.18689593487,8810.370667737658,36692.706153522784,119.62395649276283,1876.7975338468748,-1380.9959345085629,-16988.65199912997,58.35962252405436,-4901.838127975911,-829.2927662058088,-1568.2208778704867,-1446.9288686828468,-1.3298001190627629,1029.5393794816562,10997.837574788866,-1342.0306641629295,0.0,3235.454880000014,278.5174863297063,-0.0,-56707.260530759704,8811.41429768956,36694.39234829124,119.64585531750576,1876.4673177027353,-1380.772827584376,-16990.676117504117,58.36783396003202,-4902.11003739099,-829.2817994865898,-1567.9827983431712,-1448.3469458300385,-1.3298001190624376,1029.8477878997608,10996.722616362564,-1341.5421231990408,0.0,3236.2603600000143,279.35377516184474,-0.0,0.8054800000004434,1.0436299519024033,-0.27190941507888056,-1.07363482483197,0.238079527315449,0.008211435977663939,0.0,-1.4180771471917524,0.010966719219027254,0.4885409638886813,-0.33021614413951283,0.021898824742933698,-1.1149584263021097,0.0,0.8362888321384503,0.30840841810459096,3.2529534621517087e-13,0.22310692418682265,1.686194768459245,-2.0241183741491113,fa_sol,1.686194768459245,Lazaridis-Karplus solvation energy.,fa_elec,-2.0241183741491113,Coulombic electrostatic potential with a distance-dependent dielectric.
14,6DRC,L2511V,2.815200824821659,-22059.86212563181,-22057.04692480699,0.2408439964056015,0.14712156355381012,-487.1171201080724,-485.7138873420263,1.4032327660461306,0.2953534740421567,0.4332484128101196,1.4668810455511374,-56700.08022276867,8808.965688600983,36692.41947009055,119.55044748924246,1877.370568770186,-1380.5253038039393,-16988.014985142247,58.36550270467754,-4900.966113699677,-829.4089336352192,-1568.720750825193,-1445.949634692048,-1.3298001190625819,1029.5764676827018,10996.93267844562,-1342.0363763237017,0.0,3235.454880000014,278.53429159398024,-0.0,-56697.430390526904,8808.701030238293,36692.295303076186,119.55372696935677,1877.3084960204405,-1380.2921812803656,-16987.721726375472,58.36550270467754,-4902.091558527427,-829.5653251754798,-1568.911686778059,-1445.9016503505518,-1.3298001190625819,1029.9263553425812,10997.109802067487,-1341.9557192433278,0.0,3236.436100000014,278.4567971506267,-0.0,0.9812200000001212,-0.2646583626901702,-1.1254448277495612,2.6498322417683084,-0.19093595286608434,0.0,0.0,0.04798434149620334,-0.15639154026052893,0.08065708037383956,-0.06207274974553911,0.0032794801143154473,0.17712362186648534,0.0,-0.07749444335354383,0.34988765987941406,0.0,0.2331225235736838,-0.12416701436450239,0.2932587667746702,fa_atr,2.6498322417683084,"Lennard-Jones attractive between atoms in different residues (r^6 term, London dispersion forces).",hbond_sr_bb,-1.1254448277495612,Backbone-backbone hbonds close in primary sequence.
15,6DRC,V2515L,-3.231441821073531,-22062.16037701703,-22065.391818838103,0.35259249806404114,0.16420602798461914,-486.8619780748013,-488.3286842812704,-1.466706206469098,0.31474334761035067,0.48272538293980044,1.5337111541985948,-56701.15804956318,8808.45640502413,36692.90812428543,119.56699814551784,1877.33936574903,-1381.1371451490068,-16987.118906286876,58.36550270467754,-4900.857500425865,-829.1287017878223,-1568.5668699492815,-1446.820839529271,-1.3298001190625819,1029.3174983905071,10996.710476521528,-1342.2764671339792,0.0,3235.454880000014,278.11465210647674,-0.0,-56704.91620261325,8810.564540602874,36691.666949827624,119.56285980029718,1877.5909127751293,-1381.0528577686246,-16986.216346133675,58.36550270467754,-4900.659588101447,-829.1426003661206,-1568.5974445227828,-1446.3496451138114,-1.3298001190625819,1029.4698055066845,10996.229333223084,-1342.7051293926395,0.0,3234.4736600000147,277.65423085292633,-0.0,-0.9812199999992117,2.1081355787446228,0.19791232441730244,-3.7581530500683584,-0.030574573501326086,0.0,0.0,0.47119441545964946,-0.013898578298380926,-0.42866225866032437,0.2515470260991606,-0.004138345220667361,-0.4811432984442945,0.0,-0.4604212535504075,0.15230711617732595,0.0,0.08428738038219308,-1.241174457805755,0.9025601532011933,fa_rep,2.1081355787446228,"Lennard-Jones repulsive between atoms in different residues (r^12 term, Pauli repulsion forces).",fa_atr,-3.7581530500683584,"Lennard-Jones attractive between atoms in different residues (r^6 term, London dispersion forces)."
16,6DRC,D2582H,-1.9598247668873228,-22064.198645137523,-22066.15846990441,0.3951461911201477,0.20142289996147156,-488.0127605087364,-486.62899672180356,1.3837637869328319,0.6279826948984797,0.45119992725405306,0.718491020404622,-56702.55702601006,8807.294095431991,36697.64327831794,119.66050920408952,1877.4812877777879,-1380.467259250999,-16993.573187070735,58.36393324596969,-4900.737372478398,-829.3166598701022,-1569.586759324838,-1446.2782239068401,-1.3298001190625819,1029.4550831109987,10997.511971502416,-1342.021980155662,0.07264994962964708,3235.454880000014,278.73193450834253,-0.0,-56701.258789306936,8807.294075043073,36694.29795950493,119.63767869089794,1877.0143216949791,-1380.8202073353614,-16991.722250232462,58.394036804409595,-4901.40510077174,-829.3455073698668,-1570.478472573608,-1444.7252667827902,-1.3298001190625819,1028.6121477119584,10995.610728690997,-1342.058328001686,0.07918248461929009,3237.299970000014,278.7451519632188,-0.0,1.8450900000002548,-2.0388917619129643e-05,-0.6677282933414972,1.2982367031218018,-0.8917132487699746,0.030103558439904532,0.006532534989643013,1.5529571240499536,-0.02884749976465173,-0.03634784602400032,-0.46696608280876717,-0.022830513191578916,-1.9012428114183422,0.0,0.01321745487626913,-0.8429353990402433,0.0,-0.3529480843624242,-3.345318813007907,1.8509368382729008,fa_elec,1.8509368382729008,Coulombic electrostatic potential with a distance-dependent dielectric.,fa_sol,-3.345318813007907,Lazaridis-Karplus solvation energy.
17,6DRC,D2582N,-2.3968691215050058,-22064.198645137523,-22066.59551425903,0.38888847827911377,0.18621882796287537,-488.0127605087364,-487.0532050011243,0.9595555076120945,0.4858147897005672,0.45136446468820746,0.9290875334742418,-56702.55702601006,8807.294095431991,36697.64327831794,119.66050920408952,1877.4812877777879,-1380.467259250999,-16993.573187070735,58.36393324596969,-4900.737372478398,-829.3166598701022,-1569.586759324838,-1446.2782239068401,-1.3298001190625819,1029.4550831109987,10997.511971502416,-1342.021980155662,0.07264994962964708,3235.454880000014,278.73193450834253,-0.0,-56700.96432182144,8807.365690082135,36694.68164913117,119.64006851991597,1876.8765774285687,-1381.0780055448472,-16991.796343990864,58.38966144942697,-4901.300630877014,-829.3285836043173,-1570.4409735483,-1444.6901291266288,-1.3298001190625819,1028.5631420219368,10996.098257687592,-1342.1679569167645,0.08008986346943948,3236.2603600000143,278.54573510597334,-0.0,0.8054800000004434,0.07159465014410671,-0.5632583986152895,1.5927041886170628,-0.854214223461895,0.025728203457276777,0.007439913839792409,1.5880947802113496,-0.011923734215088189,-0.14597676110247448,-0.6047103492192036,-0.020440684173550494,-1.4137138148234953,0.0,-0.18619940236919774,-0.891941089061902,0.0,-0.6107462938482513,-2.961629186771461,1.776843079871469,fa_elec,1.776843079871469,Coulombic electrostatic potential with a distance-dependent dielectric.,fa_sol,-2.961629186771461,Lazaridis-Karplus solvation energy.
18,6DRC,Y2583N,4.954508984814311,-22067.157745645443,-22062.20323666063,0.5039581656455994,0.30694982409477234,-487.78601721423183,-487.82956611815825,-0.04354890392642119,0.33458528638144946,0.6228265121514605,1.861488049541416,-56704.75443006174,8809.275834316964,36698.06895556811,119.62776551868896,1876.7767764209593,-1380.259098592627,-16994.569151186985,58.40542707392599,-4900.957865865491,-829.177006297809,-1571.0862079917233,-1446.036637627596,-1.3298001190625819,1028.8788357471356,10997.430649986021,-1342.0583405906048,0.21133242896726784,3235.454880000014,278.9403356274075,-0.0,-56697.66235356806,8807.737413040084,36698.94320354787,119.5649639995838,1876.7708103039552,-1381.0215113459024,-16993.465740450723,58.40633721860746,-4900.8710577285265,-829.2187111113618,-1570.632723467409,-1446.06252276773,-1.3298001190625819,1028.7372156997465,10996.728461756255,-1341.9628976123538,0.17366110459098022,3233.532390000014,279.4296248397975,-0.0,-1.9224899999999252,-1.538421276880399,0.08680813696446421,7.09207649367454,0.45348452431426267,0.0009101446814696601,-0.03767132437628762,-0.02588514013382337,-0.04170481355276934,0.09544297825095782,-0.005966117004163607,-0.06280151910516452,-0.7021882297667617,0.0,0.48928921239001966,-0.14162004738909673,0.0,-0.7624127532753846,0.8742479797583655,1.1034107362611394,fa_atr,7.09207649367454,"Lennard-Jones attractive between atoms in different residues (r^6 term, London dispersion forces).",ref,-1.9224899999999252,Reference energy for each amino acid. Balances internal energy of amino acid terms.  Plays role in design.
