,model,mutation,complex_ddG,complex_native_dG,complex_mutant_dG,FA_RMSD,CA_RMSD,chainA_interface_native_dG,chainA_interface_mutant_dG,chainA_interface_ddG,wt_rmsd,mut_rmsd,ratio_rmsd,wt_fa_atr,wt_fa_rep,wt_fa_sol,wt_fa_intra_rep,wt_fa_intra_sol_xover4,wt_lk_ball_wtd,wt_fa_elec,wt_pro_close,wt_hbond_sr_bb,wt_hbond_lr_bb,wt_hbond_bb_sc,wt_hbond_sc,wt_dslf_fa13,wt_omega,wt_fa_dun,wt_p_aa_pp,wt_yhh_planarity,wt_ref,wt_rama_prepro,wt_total_score,mut_fa_atr,mut_fa_rep,mut_fa_sol,mut_fa_intra_rep,mut_fa_intra_sol_xover4,mut_lk_ball_wtd,mut_fa_elec,mut_pro_close,mut_hbond_sr_bb,mut_hbond_lr_bb,mut_hbond_bb_sc,mut_hbond_sc,mut_dslf_fa13,mut_omega,mut_fa_dun,mut_p_aa_pp,mut_yhh_planarity,mut_ref,mut_rama_prepro,mut_total_score,delta_hbond_sc,delta_dslf_fa13,delta_hbond_sr_bb,delta_hbond_lr_bb,delta_fa_intra_rep,delta_fa_sol,delta_pro_close,delta_lk_ball_wtd,delta_rama_prepro,delta_omega,delta_fa_intra_sol_xover4,delta_ref,delta_p_aa_pp,delta_total_score,delta_hbond_bb_sc,delta_fa_elec,delta_fa_rep,delta_yhh_planarity,delta_fa_dun,delta_fa_atr,highest_contributor,highest_contributor_value,highest_contributor_wordy,lowest_contributor,lowest_contributor_value,lowest_contributor_wordy
0,6DRC-quad,H9Y,0.0031803236342966557,-22065.488020151468,-22065.484839827834,0.2799046039581299,0.07561877369880676,-489.2277345728435,-489.25852398500865,-0.030789412165177055,0.454310424177798,0.17340974307717594,0.3816987985494928,-56690.17404164948,8797.23948718648,36688.83549166869,119.62650106274943,1877.2743265539525,-1380.737319033303,-16987.694924664367,58.322554228595926,-4901.5858501595185,-829.5628255254476,-1568.5522010618643,-1446.0535276549404,-1.3298001190625819,1029.8387187112837,10996.655421432633,-1342.1125119453498,0.0,3235.454880000014,279.0676008174788,-0.0,-56691.21264637485,8799.029280442903,36684.816575479505,119.64262338318376,1877.1521656419932,-1380.7495140208027,-16984.96262175299,58.32563953816121,-4901.486085766123,-829.6524581583418,-1567.7771527481536,-1446.0695238901933,-1.3298001190625819,1030.033874900862,10995.992890265446,-1342.36993526223,0.0006861790042725358,3236.337760000014,278.7934024338437,-0.0,-0.015996235252941915,0.0,0.09976439339516219,-0.0896326328942223,0.01612232043433437,-4.018916189183074,0.003085309565285854,-0.012194987499697163,-0.2741983836351096,0.1951561895782561,-0.12216091195932677,0.8828800000001138,-0.25742331688024933,0.0,0.775048313710613,2.732302911375882,1.789793256422854,0.0006861790042725358,-0.6625311671868985,-1.0386047253705328,fa_elec,2.732302911375882,Coulombic electrostatic potential with a distance-dependent dielectric.,fa_sol,-4.018916189183074,Lazaridis-Karplus solvation energy.
1,6DRC-quad,D44H,2.5947517590175266,-22062.030005598517,-22059.4352538395,0.33014029264450073,0.2028224766254425,-488.7232296981929,-488.7463810759,-0.023151377707108622,0.3644030849302926,1.0062749893705696,2.761433783040179,-56689.959416607824,8802.323938005167,36685.94475885927,119.63996344579047,1877.2892144123537,-1380.5000441508282,-16987.594527973295,58.57625361947665,-4901.619692002802,-829.8968515452369,-1568.7145161303247,-1445.9385612849953,-1.3298001190625819,1030.2900350676277,10996.94065770504,-1341.5967738899867,0.005607858079998834,3235.454880000014,278.65486913302004,-0.0,-56690.61071765879,8801.635438073814,36685.37042376996,119.64338216502658,1877.2037344178216,-1379.764698404875,-16985.73661055181,58.55578382475967,-4901.727644294752,-829.8541109611624,-1569.2009749320127,-1445.8799207025693,-1.3298001190625819,1029.9160961667556,10999.009962714283,-1342.1619418185016,0.007968853918254894,3237.299970000014,278.18840561767627,-0.0,0.05864058242605097,0.0,-0.10795229194991407,0.0427405840745223,0.0034187192361088137,-0.5743350893098977,-0.020469794716980516,0.735345745953282,-0.4664635153437757,-0.37393890087219006,-0.08547999453207922,1.8450900000002548,-0.5651679285149385,0.0,-0.4864588016880589,1.8579174214864906,-0.6884999313533626,0.0023609958382560595,2.0693050092431804,-0.6513010509661399,fa_dun,2.0693050092431804,Internal energy of sidechain rotamers as derived from Dunbrack's statistics (2010 Rotamer Library used in Talaris2013).,fa_rep,-0.6884999313533626,"Lennard-Jones repulsive between atoms in different residues (r^12 term, Pauli repulsion forces)."
2,6DRC-quad,p.Ala96Val,MemoryError: std::bad_alloc,,,,,,,,,,,,,,,,,,,,,,,,,,,,,,,,,,,,,,,,,,,,,,,,,,,,,,,,,,,,,,,,,,,,,,,hbond_sc,,Sidechain-sidechain hydrogen bond energy.,hbond_sc,,Sidechain-sidechain hydrogen bond energy.
3,6DRC-quad,p.Met127Leu,MemoryError: std::bad_alloc,,,,,,,,,,,,,,,,,,,,,,,,,,,,,,,,,,,,,,,,,,,,,,,,,,,,,,,,,,,,,,,,,,,,,,,hbond_sc,,Sidechain-sidechain hydrogen bond energy.,hbond_sc,,Sidechain-sidechain hydrogen bond energy.
4,6DRC-quad,p.Ala205Thr,MemoryError: std::bad_alloc,,,,,,,,,,,,,,,,,,,,,,,,,,,,,,,,,,,,,,,,,,,,,,,,,,,,,,,,,,,,,,,,,,,,,,,hbond_sc,,Sidechain-sidechain hydrogen bond energy.,hbond_sc,,Sidechain-sidechain hydrogen bond energy.
5,6DRC-quad,p.Arg228Gln,MemoryError: std::bad_alloc,,,,,,,,,,,,,,,,,,,,,,,,,,,,,,,,,,,,,,,,,,,,,,,,,,,,,,,,,,,,,,,,,,,,,,,hbond_sc,,Sidechain-sidechain hydrogen bond energy.,hbond_sc,,Sidechain-sidechain hydrogen bond energy.
6,6DRC-quad,p.Arg305Cys,MemoryError: std::bad_alloc,,,,,,,,,,,,,,,,,,,,,,,,,,,,,,,,,,,,,,,,,,,,,,,,,,,,,,,,,,,,,,,,,,,,,,,hbond_sc,,Sidechain-sidechain hydrogen bond energy.,hbond_sc,,Sidechain-sidechain hydrogen bond energy.
7,6DRC-quad,p.Asp326Gly,ValueError: Not in pose,,,,,,,,,,,,,,,,,,,,,,,,,,,,,,,,,,,,,,,,,,,,,,,,,,,,,,,,,,,,,,,,,,,,,,,hbond_sc,,Sidechain-sidechain hydrogen bond energy.,hbond_sc,,Sidechain-sidechain hydrogen bond energy.
8,6DRC-quad,p.Pro330Ser,ValueError: Not in pose,,,,,,,,,,,,,,,,,,,,,,,,,,,,,,,,,,,,,,,,,,,,,,,,,,,,,,,,,,,,,,,,,,,,,,,hbond_sc,,Sidechain-sidechain hydrogen bond energy.,hbond_sc,,Sidechain-sidechain hydrogen bond energy.
9,6DRC-quad,p.Ala337Val,ValueError: Not in pose,,,,,,,,,,,,,,,,,,,,,,,,,,,,,,,,,,,,,,,,,,,,,,,,,,,,,,,,,,,,,,,,,,,,,,,hbond_sc,,Sidechain-sidechain hydrogen bond energy.,hbond_sc,,Sidechain-sidechain hydrogen bond energy.
10,6DRC-quad,p.Ile407Val,MemoryError: std::bad_alloc,,,,,,,,,,,,,,,,,,,,,,,,,,,,,,,,,,,,,,,,,,,,,,,,,,,,,,,,,,,,,,,,,,,,,,,hbond_sc,,Sidechain-sidechain hydrogen bond energy.,hbond_sc,,Sidechain-sidechain hydrogen bond energy.
11,6DRC-quad,p.Ile431Val,MemoryError: std::bad_alloc,,,,,,,,,,,,,,,,,,,,,,,,,,,,,,,,,,,,,,,,,,,,,,,,,,,,,,,,,,,,,,,,,,,,,,,hbond_sc,,Sidechain-sidechain hydrogen bond energy.,hbond_sc,,Sidechain-sidechain hydrogen bond energy.
12,6DRC-quad,p.Val436Met,MemoryError: std::bad_alloc,,,,,,,,,,,,,,,,,,,,,,,,,,,,,,,,,,,,,,,,,,,,,,,,,,,,,,,,,,,,,,,,,,,,,,,hbond_sc,,Sidechain-sidechain hydrogen bond energy.,hbond_sc,,Sidechain-sidechain hydrogen bond energy.
13,6DRC-quad,p.Arg527Cys,MemoryError: std::bad_alloc,,,,,,,,,,,,,,,,,,,,,,,,,,,,,,,,,,,,,,,,,,,,,,,,,,,,,,,,,,,,,,,,,,,,,,,hbond_sc,,Sidechain-sidechain hydrogen bond energy.,hbond_sc,,Sidechain-sidechain hydrogen bond energy.
14,6DRC-quad,p.Gly530Arg,ValueError: Not in pose,,,,,,,,,,,,,,,,,,,,,,,,,,,,,,,,,,,,,,,,,,,,,,,,,,,,,,,,,,,,,,,,,,,,,,,hbond_sc,,Sidechain-sidechain hydrogen bond energy.,hbond_sc,,Sidechain-sidechain hydrogen bond energy.
15,6DRC-quad,p.Val673Met,MemoryError: std::bad_alloc,,,,,,,,,,,,,,,,,,,,,,,,,,,,,,,,,,,,,,,,,,,,,,,,,,,,,,,,,,,,,,,,,,,,,,,hbond_sc,,Sidechain-sidechain hydrogen bond energy.,hbond_sc,,Sidechain-sidechain hydrogen bond energy.
16,6DRC-quad,p.Thr695Met,MemoryError: std::bad_alloc,,,,,,,,,,,,,,,,,,,,,,,,,,,,,,,,,,,,,,,,,,,,,,,,,,,,,,,,,,,,,,,,,,,,,,,hbond_sc,,Sidechain-sidechain hydrogen bond energy.,hbond_sc,,Sidechain-sidechain hydrogen bond energy.
17,6DRC-quad,p.Arg716Trp,MemoryError: std::bad_alloc,,,,,,,,,,,,,,,,,,,,,,,,,,,,,,,,,,,,,,,,,,,,,,,,,,,,,,,,,,,,,,,,,,,,,,,hbond_sc,,Sidechain-sidechain hydrogen bond energy.,hbond_sc,,Sidechain-sidechain hydrogen bond energy.
18,6DRC-quad,p.Thr808Ile,MemoryError: std::bad_alloc,,,,,,,,,,,,,,,,,,,,,,,,,,,,,,,,,,,,,,,,,,,,,,,,,,,,,,,,,,,,,,,,,,,,,,,hbond_sc,,Sidechain-sidechain hydrogen bond energy.,hbond_sc,,Sidechain-sidechain hydrogen bond energy.
19,6DRC-quad,p.Asp816Gly,MemoryError: std::bad_alloc,,,,,,,,,,,,,,,,,,,,,,,,,,,,,,,,,,,,,,,,,,,,,,,,,,,,,,,,,,,,,,,,,,,,,,,hbond_sc,,Sidechain-sidechain hydrogen bond energy.,hbond_sc,,Sidechain-sidechain hydrogen bond energy.
20,6DRC-quad,p.Asp825His,MemoryError: std::bad_alloc,,,,,,,,,,,,,,,,,,,,,,,,,,,,,,,,,,,,,,,,,,,,,,,,,,,,,,,,,,,,,,,,,,,,,,,hbond_sc,,Sidechain-sidechain hydrogen bond energy.,hbond_sc,,Sidechain-sidechain hydrogen bond energy.
21,6DRC-quad,p.Val849Met,MemoryError: std::bad_alloc,,,,,,,,,,,,,,,,,,,,,,,,,,,,,,,,,,,,,,,,,,,,,,,,,,,,,,,,,,,,,,,,,,,,,,,hbond_sc,,Sidechain-sidechain hydrogen bond energy.,hbond_sc,,Sidechain-sidechain hydrogen bond energy.
22,6DRC-quad,p.Ser865Arg,MemoryError: std::bad_alloc,,,,,,,,,,,,,,,,,,,,,,,,,,,,,,,,,,,,,,,,,,,,,,,,,,,,,,,,,,,,,,,,,,,,,,,hbond_sc,,Sidechain-sidechain hydrogen bond energy.,hbond_sc,,Sidechain-sidechain hydrogen bond energy.
23,6DRC-quad,S865I,-1.4823472514362948,-22065.18468782005,-22066.667035071485,0.3184836506843567,0.10512256622314453,-487.2504731778863,-487.24293658890383,0.007536588982475223,0.36094350544466997,0.16324308063899765,0.4522676767320908,-56690.15644443231,8793.256864987941,36689.873322695224,119.62071333483286,1877.4754991717075,-1380.5770441278412,-16986.79255301532,58.36550270467754,-4901.368463553813,-829.2184749332506,-1568.0770162838912,-1446.0776120086239,-1.3298001190625819,1029.6132333067742,10997.544250329021,-1341.835703583844,0.06788807642677738,3235.454880000014,278.9762696312861,-0.0,-56692.911209883525,8795.214750013536,36686.43908513313,119.65457945116368,1877.6526646472787,-1380.5313553096355,-16986.158301173196,58.36550270467754,-4901.411868104396,-829.2144111607689,-1568.1051275777768,-1445.9320755185975,-1.3298001190625819,1029.4223929730235,10997.336070523606,-1342.2835246335846,0.0658260665640533,3238.048310000014,279.01145689606454,-0.0,0.14553649002641578,0.0,-0.04340455058263615,0.004063772481686101,0.03386611633082737,-3.434237562090857,0.0,0.04568881820569004,0.03518726477847167,-0.190840333750657,0.17716547557120066,2.593430000000353,-0.44782104974069625,0.0,-0.028111293885558553,0.6342518421224668,1.9578850255948055,-0.0020620098627240763,-0.20817980541505676,-2.7547654512163717,ref,2.593430000000353,Reference energy for each amino acid. Balances internal energy of amino acid terms.  Plays role in design.,fa_sol,-3.434237562090857,Lazaridis-Karplus solvation energy.
24,6DRC-quad,p.His922Pro,ValueError: Not in pose,,,,,,,,,,,,,,,,,,,,,,,,,,,,,,,,,,,,,,,,,,,,,,,,,,,,,,,,,,,,,,,,,,,,,,,hbond_sc,,Sidechain-sidechain hydrogen bond energy.,hbond_sc,,Sidechain-sidechain hydrogen bond energy.
25,6DRC-quad,F977L,7.028841836017818,-22069.48610429656,-22062.457262460543,0.5972117781639099,0.09472972899675369,-487.3549992585358,-487.3196916934867,0.03530756504915189,0.5361323244748306,0.414216778107502,0.7726017611664225,-56692.26598201693,8790.164715335364,36688.433419167835,119.66562910763149,1877.5326376111193,-1381.1764609507688,-16986.15759350364,58.303106013788764,-4901.081483292685,-828.988354938605,-1568.3155833071564,-1445.9483340031327,-1.3298001190625819,1029.745112604253,10999.818090176434,-1342.1599397180837,0.07492210263837652,3235.454880000014,278.7449154344265,-0.0,-56689.77107195573,8790.135709070046,36689.40576212005,119.76375013922984,1878.2738320738038,-1380.5963786943576,-16985.609749749812,58.30570323364809,-4900.736576268609,-828.9386943684442,-1568.2978075908727,-1447.4854269617363,-1.3298001190625819,1029.8544614584523,11001.679416874524,-1341.9138149863816,0.07979680762778683,3235.898060000014,278.8255664570717,-0.0,-1.53709295860358,0.0,0.3449070240767469,0.04966057016076775,0.09812103159835317,0.9723429522127844,0.0025972198593251505,0.5800822564112877,0.08065102264521329,0.10934885419919738,0.7411944626844615,0.4431800000002113,0.2461247317021389,0.0,0.01777571628372243,0.5478437538295111,-0.029006265318457736,0.004874704989410311,1.8613266980901244,2.4949100611993345,fa_atr,2.4949100611993345,"Lennard-Jones attractive between atoms in different residues (r^6 term, London dispersion forces).",hbond_sc,-1.53709295860358,Sidechain-sidechain hydrogen bond energy.
26,6DRC-quad,p.Thr1019Ala,ValueError: Not in pose,,,,,,,,,,,,,,,,,,,,,,,,,,,,,,,,,,,,,,,,,,,,,,,,,,,,,,,,,,,,,,,,,,,,,,,hbond_sc,,Sidechain-sidechain hydrogen bond energy.,hbond_sc,,Sidechain-sidechain hydrogen bond energy.
27,6DRC-quad,G1029V,-20.662343987703935,-22074.077532047897,-22094.7398760356,0.8979070782661438,0.2966221570968628,-487.61047972292,-487.61071682173497,-0.0002370988149777986,0.31444520421010924,0.26652359314892354,0.847599484999094,-56696.28923244967,8788.447554740993,36690.89204144366,119.62726914344324,1876.9333238911586,-1382.5126804194254,-16984.768685071303,58.365502704676985,-4902.016847253212,-829.2399464928104,-1567.9097959865062,-1447.7490912721732,-1.3298001190625819,1029.6445301217698,11001.488733429189,-1342.080943469801,0.0,3235.454880000014,278.9656550111733,-0.0,-56695.88718295872,8767.158879640258,36686.47779029211,119.62492731268443,1876.9993325632229,-1382.6995744218862,-16981.704311887708,58.56412157045513,-4901.713094945307,-829.2754350656297,-1567.6919687328427,-1447.4573444177386,-1.3298001190625819,1030.389821186768,11002.03956515293,-1342.7407055577469,0.0,3237.299410000014,277.20569435258585,-0.0,0.2917468544346775,0.0,0.30375230790559726,-0.035488572819303954,-0.0023418307588087828,-4.4142511515456135,0.19861886577814403,-0.18689400246080368,-1.7599606585874312,0.7452910649981277,0.06600867206429939,1.8445300000003044,-0.6597620879458646,0.0,0.21782725366347222,3.0643731835953076,-21.288675100735418,0.0,0.5508317237417941,0.402049490949139,fa_elec,3.0643731835953076,Coulombic electrostatic potential with a distance-dependent dielectric.,fa_rep,-21.288675100735418,"Lennard-Jones repulsive between atoms in different residues (r^12 term, Pauli repulsion forces)."
28,6DRC-quad,M1035T,0.41046754468698055,-22073.56402281736,-22073.153555272675,0.37717434763908386,0.27918076515197754,-487.2707693311386,-487.26485426361614,0.005915067522437312,0.4151668020841301,0.5315122751354188,1.280237900687715,-56688.23453721901,8786.951427626374,36688.13111458775,119.57309057211378,1877.1331919409492,-1380.8430504976272,-16986.608340197086,58.36550270467864,-4901.701352358449,-829.1226993293797,-1568.37841618839,-1445.6267230961396,-1.3298001190625819,1029.4132958218686,10996.108686409125,-1342.149497053246,0.22198497828272873,3235.454880000014,279.07721859988317,-0.0,-56688.45992591297,8786.660913068878,36690.48997673206,119.69895092591344,1877.1364708193998,-1380.4476342845917,-16989.2589497642,58.3655027046791,-4901.682814103319,-829.1090956992394,-1568.3887385922544,-1445.5906993425738,-1.3298001190625819,1029.164214368708,10995.640728583285,-1341.4751926594793,0.24706662832800136,3234.9492800000144,280.2361913737525,-0.0,0.03602375356581433,0.0,0.018538255129897152,0.013603630140210043,0.1258603537996521,2.3588621443122975,4.618527782440651e-13,0.39541621303555985,1.1589727738693227,-0.2490814531606702,0.0032788784506010415,-0.5055999999995038,0.6743043937667608,0.0,-0.010322403864392982,-2.650609567113861,-0.29051455749686284,0.02508165004527263,-0.4679578258401307,-0.2253886939579388,fa_sol,2.3588621443122975,Lazaridis-Karplus solvation energy.,fa_elec,-2.650609567113861,Coulombic electrostatic potential with a distance-dependent dielectric.
29,6DRC-quad,R1053C,3.83338113327045,-22082.120003940057,-22078.286622806787,0.24527977406978607,0.14608559012413025,-487.6522249411173,-487.6212784747331,0.030946466384193627,0.26986959438085945,0.3097410507921787,1.1477434184565816,-56689.168219720676,8778.141873965184,36685.96640884309,119.64173190290562,1877.4194666091023,-1381.041446618521,-16986.788491851432,58.48716382116727,-4900.656821274834,-829.1998156148741,-1568.6465022269135,-1446.3466129785838,-1.3298001190625819,1029.2707828315192,10999.216648066704,-1341.720167406596,0.003677177834666076,3235.454880000014,279.175240653917,-0.0,-56684.572654666255,8780.509187591697,36679.90177708652,119.61305231871314,1876.9509690203645,-1381.0453059928773,-16984.786695182338,58.52245907610809,-4900.346087240115,-829.1693121406713,-1567.372276868642,-1446.3532111910943,-1.3298001190625819,1029.265948958555,10994.914601103164,-1341.4981783738403,0.0038386957472229255,3238.8044100000143,279.7006551172282,-0.0,-0.006598212510425583,0.0,0.3107340347196441,0.030503474202760117,-0.028679584192474294,-6.0646317565697245,0.03529525494082009,-0.0038593743563524185,0.5254144633112219,-0.004833872964127295,-0.46849758873781866,3.3495300000004136,0.22198903275557313,0.0,1.2742253582714511,2.001796669093892,2.3673136265133508,0.00016151791255684944,-4.3020469635393965,4.595565054420149,fa_atr,4.595565054420149,"Lennard-Jones attractive between atoms in different residues (r^6 term, London dispersion forces).",fa_sol,-6.0646317565697245,Lazaridis-Karplus solvation energy.
30,6DRC-quad,V1058M,5.088488200221036,-22084.884745809515,-22079.796257609294,0.4669915437698364,0.22006236016750336,-487.87133071095013,-487.92663385810374,-0.055303147153608734,0.37048293363608575,0.23348320279733595,0.6302131126684488,-56688.826406959306,8778.00182733652,36684.37907232549,119.64960675095287,1877.3342918682783,-1381.7299053288161,-16987.183724268143,58.36550270467754,-4900.885973477317,-829.1719745213531,-1568.388709000746,-1446.1753057960036,-1.3298001190625819,1029.4875643622606,10998.7529669153,-1341.780810583161,0.0,3235.454880000014,279.16215198090015,-0.0,-56692.30777546767,8781.556133800954,36685.53517086559,119.7504043720056,1877.53571000513,-1381.2769690422997,-16989.039950053895,58.36550270467754,-4900.427768970071,-829.1855647311996,-1568.348442005824,-1446.1202758157099,-1.3298001190625819,1030.5479912278943,11001.13761562785,-1340.832019390388,0.0,3234.4695400000146,280.17423938271054,-0.0,0.055029980293738845,0.0,0.4582045072456822,-0.013590209846483958,0.1007976210527346,1.156098540093808,0.0,0.45293628651643303,1.0120874018103905,1.0604268656336444,0.20141813685177112,-0.9853399999992689,0.9487911927728874,0.0,0.040266994922149024,-1.8562257857520308,3.5543064644334663,0.0,2.384648712550188,-3.4813685083645396,fa_rep,3.5543064644334663,"Lennard-Jones repulsive between atoms in different residues (r^12 term, Pauli repulsion forces).",fa_atr,-3.4813685083645396,"Lennard-Jones attractive between atoms in different residues (r^6 term, London dispersion forces)."
31,6DRC-quad,V1071F,-2.774895725025999,-22088.44320804752,-22091.218103772546,1.2802764177322388,0.2984201908111572,-487.86942233813534,-487.8107480462968,0.05867429183854256,0.4355769946388719,0.8270258692091089,1.8986904253168362,-56694.981319165956,8780.058468523424,36687.879560265195,119.6833096323427,1876.6167545164233,-1381.9703605084267,-16989.762603415435,58.470101282874936,-4900.779956485393,-829.2611935581846,-1569.5436880444613,-1445.6212300533728,-1.3298001190625819,1030.526166676539,10999.275294213221,-1342.124739386322,4.662848997333269e-06,3235.454880000014,278.9671429162142,-0.0,-56695.19281585556,8782.650430198992,36687.77996315395,119.66286204793315,1876.823525717587,-1381.6757715190518,-16992.19605556287,58.31971451569238,-4902.062888258492,-829.2365259764184,-1569.1916331705734,-1445.8404275576622,-1.3298001190625819,1028.7829710166695,11001.128693605586,-1341.9072013264279,2.393002922554399e-07,3234.0304800000144,278.23637507784207,-0.0,-0.21919750428946827,0.0,-1.2829317730993353,0.02466758176615258,-0.020447584409552633,-0.09959711124247406,-0.15038676718255317,0.2945889893749154,-0.7307678383721168,-1.7431956598695706,0.2067712011637468,-1.424399999999423,0.2175380598941956,0.0,0.352054873887937,-2.4334521474338544,2.5919616755672905,-4.423548705077829e-06,1.8533993923647358,-0.21149668960424606,fa_rep,2.5919616755672905,"Lennard-Jones repulsive between atoms in different residues (r^12 term, Pauli repulsion forces).",fa_elec,-2.4334521474338544,Coulombic electrostatic potential with a distance-dependent dielectric.
32,6DRC-quad,A1101V,4.709238566301792,-22066.475216791616,-22061.765978225314,1.0720654726028442,0.2883067727088928,-487.48022225834575,-487.6389560850512,-0.15873382670542924,0.7388758007508462,0.8181107170467247,1.1072371245821826,-56694.48129135509,8798.004017838442,36687.31119355089,119.66287490711491,1877.536850069706,-1380.930071719478,-16988.51162017974,58.36550270467754,-4901.229461272797,-828.3859562388819,-1567.8669391198164,-1446.721209080734,-1.3298001190625819,1029.3211645619058,11001.064026414142,-1342.4535709466772,7.861091230926959e-05,3235.454880000014,278.71411458285894,-0.0,-56697.8018110357,8801.768497770787,36687.18153267569,119.67019906946176,1877.527217868419,-1381.448248335391,-16987.96596496749,58.36550270467754,-4901.346048958175,-827.8952872455186,-1567.855372065901,-1446.4482377041102,-1.3298001190625819,1030.029362172712,11001.934195197155,-1342.382725350996,2.88347681551282e-05,3236.772890000014,279.45809126334234,-0.0,0.27297137662390014,0.0,-0.11658768537745345,0.4906689933633288,0.007324162346847629,-0.12966087520180736,0.0,-0.5181766159130348,0.7439766804833994,0.7081976108061099,-0.009632201286876807,1.3180099999999584,0.0708455956812486,0.0,0.011567053915314318,0.5456552122486755,3.7644799323443294,-4.977614415414139e-05,0.8701687830125593,-3.320519680608413,fa_rep,3.7644799323443294,"Lennard-Jones repulsive between atoms in different residues (r^12 term, Pauli repulsion forces).",fa_atr,-3.320519680608413,"Lennard-Jones attractive between atoms in different residues (r^6 term, London dispersion forces)."
33,6DRC-quad,p.Ala1143Thr,ValueError: Not in pose,,,,,,,,,,,,,,,,,,,,,,,,,,,,,,,,,,,,,,,,,,,,,,,,,,,,,,,,,,,,,,,,,,,,,,,hbond_sc,,Sidechain-sidechain hydrogen bond energy.,hbond_sc,,Sidechain-sidechain hydrogen bond energy.
34,6DRC-quad,p.Glu1154Lys,ValueError: Not in pose,,,,,,,,,,,,,,,,,,,,,,,,,,,,,,,,,,,,,,,,,,,,,,,,,,,,,,,,,,,,,,,,,,,,,,,hbond_sc,,Sidechain-sidechain hydrogen bond energy.,hbond_sc,,Sidechain-sidechain hydrogen bond energy.
35,6DRC-quad,p.Glu1163Val,ValueError: Not in pose,,,,,,,,,,,,,,,,,,,,,,,,,,,,,,,,,,,,,,,,,,,,,,,,,,,,,,,,,,,,,,,,,,,,,,,hbond_sc,,Sidechain-sidechain hydrogen bond energy.,hbond_sc,,Sidechain-sidechain hydrogen bond energy.
36,6DRC-quad,p.Glu1163Asp,ValueError: Not in pose,,,,,,,,,,,,,,,,,,,,,,,,,,,,,,,,,,,,,,,,,,,,,,,,,,,,,,,,,,,,,,,,,,,,,,,hbond_sc,,Sidechain-sidechain hydrogen bond energy.,hbond_sc,,Sidechain-sidechain hydrogen bond energy.
37,6DRC-quad,F1335L,0.24784801523128408,-22066.867267880672,-22066.61941986544,0.5371310114860535,0.12632477283477783,-486.1635230790962,-486.20301880002444,-0.03949572092824383,0.14441490239215252,0.17410274773576728,1.2055732812324222,-56692.43403679375,8796.737955281973,36690.33540352839,119.64498719998132,1877.6539329270756,-1380.4741297486642,-16989.181870398894,58.35695418246894,-4901.428075827572,-829.6391719938521,-1568.053702560192,-1447.0580670799693,-1.3298001190625819,1028.940124331775,10997.917294728546,-1341.869338677239,0.1679165005937352,3235.454880000014,279.3914766377022,-0.0,-56690.182467711005,8795.78092203508,36689.68276745538,119.6407303855719,1877.4455025718378,-1380.066398276139,-16989.30075342837,58.367996814361405,-4901.772228907964,-829.6368851427433,-1568.8460902533561,-1446.9201938273657,-1.3298001190625819,1028.949969504437,10997.17281431075,-1341.1749785883414,0.21082683345179223,3235.898060000014,279.460786478021,-0.0,0.13787325260364014,0.0,-0.3441530803920614,0.0022868511088063315,-0.004256814409416165,-0.6526360730131273,0.011042631892465238,0.4077314725252563,0.06930984031879461,0.009845172661925972,-0.20843035523785147,0.4431800000002113,0.6943600888976107,0.0,-0.7923876931640734,-0.118883029477729,-0.9570332468938432,0.04291033285805704,-0.7444804177957849,2.2515690827422077,fa_atr,2.2515690827422077,"Lennard-Jones attractive between atoms in different residues (r^6 term, London dispersion forces).",fa_rep,-0.9570332468938432,"Lennard-Jones repulsive between atoms in different residues (r^12 term, Pauli repulsion forces)."
38,6DRC-quad,D1338E,4.604111655840825,-22063.32259490495,-22058.718483249108,0.7513612508773804,0.16017325222492218,-486.3152385615249,-486.26846164798917,0.046776913535723,0.5601174837493313,0.4712430203707127,0.8413288891042856,-56693.71890090417,8799.151142207898,36691.39335463922,119.64106530761333,1877.68050228111,-1380.1514337716917,-16988.59614864123,58.36379177112518,-4901.462524904445,-829.6200490142174,-1568.253739692966,-1445.930124078447,-1.3298001190625819,1029.34434011374,10997.670681474277,-1341.877721116946,3.6320475916354344e-05,3235.454880000014,278.91805322275263,-0.0,-56690.57299743876,8798.979249405324,36684.6664362945,119.63942843274579,1876.994103224086,-1381.2446740928197,-16979.650363862216,58.368133556970356,-4901.3869788242255,-829.6242731272898,-1565.9330247656535,-1444.5080302864874,-1.3298001190625819,1029.1233952575574,10997.645869860877,-1342.5554338736383,2.0644425756249918e-05,3234.8760900000148,277.79436646453945,-0.0,1.4220937919596963,0.0,0.07554608021928289,-0.004224113072382352,-0.0016368748675432698,-6.726918344720616,0.004341785845177526,-1.0932403211279507,-1.1236867582131822,-0.22094485618254112,-0.6863990570238911,-0.5787899999991168,-0.6777127566922445,0.0,2.320714927312565,8.945784779014502,-0.17189280257480277,-1.5676050160104427e-05,-0.024811613400743227,3.145903465410811,fa_elec,8.945784779014502,Coulombic electrostatic potential with a distance-dependent dielectric.,fa_sol,-6.726918344720616,Lazaridis-Karplus solvation energy.
39,6DRC-quad,A1352T,1.7177867074715323,-22067.570055301807,-22065.852268594335,0.8459376096725464,0.3205069303512573,-486.1830934983336,-486.2803483100615,-0.09725481172790751,0.6113127517427001,0.41672728320148605,0.681692443047361,-56692.81405209663,8800.449154768066,36689.08603840022,119.63333798511705,1877.3480278164243,-1380.711601604733,-16989.08528004444,58.38176648978184,-4901.741501661924,-829.6451394420151,-1568.173242443751,-1446.0145487382576,-1.3298001190625819,1029.1334965769538,10995.7065298066,-1342.7104613196045,0.0,3235.454880000014,279.46234032543526,-0.0,-56694.84974845543,8800.520271002148,36690.96226385292,119.63361361745969,1876.9271469208006,-1380.8719096483712,-16988.369150822287,58.37244846625634,-4901.590582688336,-829.6300926066448,-1568.1795930143026,-1445.9014466421208,-1.3298001190625819,1028.5644882982658,10996.768043677677,-1342.3676710077284,0.0,3235.2819500000137,280.2075005744107,-0.0,0.11310209613679945,0.0,0.15091897358797723,0.01504683537029905,0.00027563234263539016,1.8762254526955076,-0.009318023525501928,-0.16030804363822426,0.7451602489754237,-0.5690082786879884,-0.42088089562366804,-0.17293000000017855,0.3427903118761151,0.0,-0.006350570551603596,0.7161292221535405,0.07111623408127343,0.0,1.0615138710763858,-2.0356963587983046,fa_sol,1.8762254526955076,Lazaridis-Karplus solvation energy.,fa_atr,-2.0356963587983046,"Lennard-Jones attractive between atoms in different residues (r^6 term, London dispersion forces)."
40,6DRC-quad,R1353C,1.7692392785393167,-22064.496162015203,-22062.726922736663,0.3695542514324188,0.19239608943462372,-486.0421564370117,-486.07427914989967,-0.03212271288794,0.9284608161521576,0.5035592626250018,0.5423591969254175,-56696.93325694168,8802.600078191974,36693.140666075786,119.63514023996233,1877.3970876815017,-1381.1018347282393,-16989.842221445095,58.36550270467754,-4901.584983781547,-829.6420592062432,-1568.9442204101033,-1446.463179890757,-1.3298001190625819,1030.9326942992664,10996.493294496078,-1342.5816891471316,0.0,3235.454880000014,279.90773996540617,-0.0,-56693.26798719883,8801.434895420181,36688.525215394286,119.62302062734548,1877.005217722396,-1380.7908151216425,-16987.9044396047,58.36550270467754,-4901.719901010497,-829.6409053011914,-1568.5209137046631,-1446.5264920048933,-1.3298001190625819,1030.329917777054,10995.010610496807,-1342.218177061167,0.0,3238.8044100000143,280.0937182472265,-0.0,-0.06331211413635174,0.0,-0.1349172289501439,0.0011539050517512806,-0.012119612616842801,-4.615450681500079,0.0,0.31101960659680117,0.18597828182032572,-0.6027765222122525,-0.3918699591056338,3.3495300000004136,0.36351208596465767,0.0,0.4233067054401545,1.9377818403954734,-1.165182771792388,0.0,-1.482683999271103,3.6652697428507963,fa_atr,3.6652697428507963,"Lennard-Jones attractive between atoms in different residues (r^6 term, London dispersion forces).",fa_sol,-4.615450681500079,Lazaridis-Karplus solvation energy.
41,6DRC-quad,G1355S,1.9439960976269504,-22065.966707365627,-22064.022711268,0.485135942697525,0.25008630752563477,-486.0248711950808,-486.01126511970506,0.013606075375719229,0.4164177443953228,0.7712818984733555,1.8521830754194406,-56693.635954513775,8800.922952874465,36689.34284028353,119.63707708296135,1877.2504246353817,-1380.1567517783594,-16987.956579116664,58.36679714212784,-4901.527106278801,-829.6565236429122,-1568.2280845372434,-1446.0999394294722,-1.3298001190625819,1028.8839084403428,10996.448270639628,-1342.654872002995,0.0,3235.454880000014,278.97175295520196,-0.0,-56694.997139883,8801.773662172103,36691.34457760573,119.64257855199068,1877.4482472162442,-1380.386549190365,-16989.131410857182,58.373460405865444,-4901.541033753251,-829.6640691633828,-1568.1697078706188,-1446.280735981725,-1.3298001190625819,1028.8415082225727,10997.14124118206,-1341.5345290620442,0.0,3234.3670300000144,280.0799592560569,-0.0,-0.18079655225278657,0.0,-0.013927474450611044,-0.007545520470557676,0.005501469029326245,2.001737322199915,0.006663263737607394,-0.22979741200560966,1.1082063008549312,-0.042400217770136805,0.19782258086252114,-1.0878499999994347,1.1203429409508772,0.0,0.058376666624553764,-1.1748317405181297,0.8507092976378772,0.0,0.6929705424317945,-1.3611853692273144,fa_sol,2.001737322199915,Lazaridis-Karplus solvation energy.,fa_atr,-1.3611853692273144,"Lennard-Jones attractive between atoms in different residues (r^6 term, London dispersion forces)."
42,6DRC-quad,V1356M,5.436863901351899,-22069.751510498758,-22064.314646597406,0.6135567426681519,0.3421279788017273,-486.2551270496224,-486.217639040864,0.037488008758373326,0.5847305155274726,0.9244332814056535,1.5809561103062024,-56689.07486619663,8794.113762227696,36687.90094167467,119.64017538054732,1877.4141961375847,-1380.2571378430632,-16988.924457881756,58.37907660524179,-4902.493175461995,-829.6421473850056,-1567.7300561979819,-1445.9064160151354,-1.3298001190625819,1029.3991814466726,10996.868691651702,-1342.5166757968202,3.6032107029772276e-05,3235.454880000014,278.9522812424527,-0.0,-56688.80191667881,8796.32123788108,36690.67861386026,119.62641951764016,1877.0578816949153,-1380.4967464350439,-16988.016098957087,58.367480646887095,-4902.397880674235,-829.6303356000404,-1567.556251727949,-1445.87491907466,-1.3298001190625819,1029.2846079958783,10997.217451557399,-1342.0092672076928,3.5847431714523814e-05,3234.4695400000146,278.7753008756626,-0.0,0.03149694047533558,0.0,0.09529478775948519,0.01181178496517532,-0.013755862907160576,2.777672185591655,-0.011595958354696734,-0.239608591980641,-0.17698036679013285,-0.11457345079429615,-0.3563144426693725,-0.9853399999992689,0.507408589127408,0.0,0.17380447003279187,0.9083589246693009,2.207475653383881,-1.8467531524846148e-07,0.3487599056970794,0.2729495178209618,fa_sol,2.777672185591655,Lazaridis-Karplus solvation energy.,ref,-0.9853399999992689,Reference energy for each amino acid. Balances internal energy of amino acid terms.  Plays role in design.
43,6DRC-quad,I1406M,2.243303561470384,-22071.16803622606,-22068.92473266459,0.5467886328697205,0.25849834084510803,-486.0624259168071,-486.06081864048974,0.0016072763173724525,0.36863255469039374,0.48048597054184405,1.3034279377343476,-56692.766134527286,8799.643323029792,36690.37367753877,119.63228378139642,1877.4151800355448,-1380.1892736231741,-16993.129624014586,58.36528162724095,-4901.751361225223,-829.6366425890293,-1568.4440815243502,-1447.420729376902,-1.3298001190625819,1030.5250161853803,10995.177543069438,-1342.6823009279908,0.2237119342899111,3235.454880000014,279.37101449966696,-0.0,-56694.95821264966,8799.081035639056,36691.62897750727,119.61927555157568,1877.543234596582,-1381.3572405346376,-16988.896422453698,58.3757260110273,-4901.948217382608,-829.623020474909,-1569.313955158526,-1447.5186793119146,-1.3298001190625819,1031.7065496001956,10995.964788326459,-1342.325825456747,0.22379842137280886,3234.8084900000144,279.39476522362077,-0.0,-0.09794993501259341,0.0,-0.19685615738490014,0.013622114120266815,-0.013008229820741235,1.2552999684994575,0.010444383786349931,-1.167966911463509,0.023750723953810393,1.1815334148152488,0.12805456103706092,-0.6463899999994283,0.3564754712438116,0.0,-0.8698736341757467,4.233201560888119,-0.5622873907359462,8.648708289776819e-05,0.7872452570209134,-2.192078122374369,fa_elec,4.233201560888119,Coulombic electrostatic potential with a distance-dependent dielectric.,fa_atr,-2.192078122374369,"Lennard-Jones attractive between atoms in different residues (r^6 term, London dispersion forces)."
44,6DRC-quad,A1412S,0.9187080606498057,-22067.39149995026,-22066.47279188961,0.3042164742946625,0.13981716334819794,-486.02681486879374,-486.0341102582752,-0.007295389481441816,0.3107330244801601,0.6087277822799189,1.9590057519579331,-56688.33915803457,8798.203426787824,36687.039848894485,119.63620302637918,1877.4151712685211,-1381.0426708992331,-16987.105587217848,58.360792547485914,-4901.673806248634,-829.6702215453676,-1568.4449793025183,-1447.4480442676909,-1.3298001190625819,1029.3371513815773,10995.308262112825,-1342.2853953755923,0.24291412347666969,3235.454880000014,278.94951291767296,-0.0,-56689.4044228612,8798.611610452344,36692.46420719072,119.638012118717,1877.4405460103058,-1381.0153514390872,-16989.215294644062,58.36108642478578,-4901.864560669904,-829.6652017632471,-1568.5108423091924,-1448.9600654168582,-1.3298001190625819,1029.1703876576123,10995.889760145797,-1341.564534013941,0.26002107049728573,3233.8405100000145,279.38114027614165,-0.0,-1.5120211491673672,0.0,-0.19075442126995767,0.005019782120484706,0.0018090923378224488,5.4243582962371875,0.00029387729986751765,0.02731946014591813,0.43162735846868827,-0.16676372396500483,0.025374741784617072,-1.614369999999326,0.7208613616512594,0.0,-0.06586300667413525,-2.1097074262142996,0.4081836645200383,0.017106947020616048,0.5814980329723767,-1.0652648266259348,fa_sol,5.4243582962371875,Lazaridis-Karplus solvation energy.,fa_elec,-2.1097074262142996,Coulombic electrostatic potential with a distance-dependent dielectric.
45,6DRC-quad,p.Thr1439Met,"AssertionError: residue 1247(pose)/1439(pdb) is a GLU, not a THR",,,,,,,,,,,,,,,,,,,,,,,,,,,,,,,,,,,,,,,,,,,,,,,,,,,,,,,,,,,,,,,,,,,,,,,hbond_sc,,Sidechain-sidechain hydrogen bond energy.,hbond_sc,,Sidechain-sidechain hydrogen bond energy.
46,6DRC-quad,p.Arg1455His,ValueError: Not in pose,,,,,,,,,,,,,,,,,,,,,,,,,,,,,,,,,,,,,,,,,,,,,,,,,,,,,,,,,,,,,,,,,,,,,,,hbond_sc,,Sidechain-sidechain hydrogen bond energy.,hbond_sc,,Sidechain-sidechain hydrogen bond energy.
47,6DRC-quad,p.Glu1456Lys,ValueError: Not in pose,,,,,,,,,,,,,,,,,,,,,,,,,,,,,,,,,,,,,,,,,,,,,,,,,,,,,,,,,,,,,,,,,,,,,,,hbond_sc,,Sidechain-sidechain hydrogen bond energy.,hbond_sc,,Sidechain-sidechain hydrogen bond energy.
48,6DRC-quad,p.Val1459Met,ValueError: Not in pose,,,,,,,,,,,,,,,,,,,,,,,,,,,,,,,,,,,,,,,,,,,,,,,,,,,,,,,,,,,,,,,,,,,,,,,hbond_sc,,Sidechain-sidechain hydrogen bond energy.,hbond_sc,,Sidechain-sidechain hydrogen bond energy.
49,6DRC-quad,V1471I,-0.3231337677061674,-22066.673234767914,-22066.99636853562,0.11613411456346512,0.09532073140144348,-487.5065663932364,-487.4527420267441,0.053824366492335685,0.4316047191458698,0.15121436334167127,0.3503538229167629,-56689.681968169876,8796.435932468688,36687.278165190684,119.65133607946146,1877.3637621019316,-1381.232833402717,-16986.837922982966,58.36550270467754,-4902.273000880406,-828.9916086703726,-1568.2390069062467,-1447.3580043057734,-1.3298001190625819,1029.7853386998402,10997.630241336368,-1341.7738939731096,0.0,3235.454880000014,279.07964606095527,-0.0,-56691.64978114499,8797.020918887843,36688.478521091616,119.65869373574331,1877.376504487647,-1381.100001731014,-16986.76077904467,58.36550270467754,-4902.15394557194,-829.0067586083858,-1568.1944675624377,-1447.2720426359738,-1.3298001190625819,1029.7099382361364,10997.628772138567,-1341.9452740972795,0.0,3235.1159300000136,279.0617006978909,-0.0,0.08596166979964437,0.0,0.11905530846524925,-0.015149938013223618,0.007357656281854474,1.2003559009317541,0.0,0.13283167170311572,-0.017945363064370667,-0.0754004637037724,0.012742385715455384,-0.3389500000002954,-0.17138012416990023,0.0,0.04453934380899227,0.07714393829519395,0.5849864191550296,0.0,-0.0014691978012706386,-1.9678129751118831,fa_sol,1.2003559009317541,Lazaridis-Karplus solvation energy.,fa_atr,-1.9678129751118831,"Lennard-Jones attractive between atoms in different residues (r^6 term, London dispersion forces)."
50,6DRC-quad,p.Glu1510Ala,ValueError: Not in pose,,,,,,,,,,,,,,,,,,,,,,,,,,,,,,,,,,,,,,,,,,,,,,,,,,,,,,,,,,,,,,,,,,,,,,,hbond_sc,,Sidechain-sidechain hydrogen bond energy.,hbond_sc,,Sidechain-sidechain hydrogen bond energy.
51,6DRC-quad,p.Met1542Thr,"AssertionError: residue 1325(pose)/1542(pdb) is a ALA, not a MET",,,,,,,,,,,,,,,,,,,,,,,,,,,,,,,,,,,,,,,,,,,,,,,,,,,,,,,,,,,,,,,,,,,,,,,hbond_sc,,Sidechain-sidechain hydrogen bond energy.,hbond_sc,,Sidechain-sidechain hydrogen bond energy.
52,6DRC-quad,p.Val1579Ile,ValueError: Not in pose,,,,,,,,,,,,,,,,,,,,,,,,,,,,,,,,,,,,,,,,,,,,,,,,,,,,,,,,,,,,,,,,,,,,,,,hbond_sc,,Sidechain-sidechain hydrogen bond energy.,hbond_sc,,Sidechain-sidechain hydrogen bond energy.
53,6DRC-quad,I1591T,-0.7701423894213804,-22076.73919658026,-22077.50933896968,1.2174665927886963,0.5210139155387878,-487.13848337320815,-487.1878443928217,-0.049361019613570534,0.3471209599390856,0.3364653331458674,0.9693028424584672,-56697.298130948715,8790.344271247912,36686.507435869156,119.76132795175317,1877.6214462251016,-1381.328718587968,-16982.340797895282,58.36550270467754,-4901.031043562615,-829.0599157077526,-1568.1867907586966,-1446.023555237698,-1.3298001190625819,1029.0618051362644,10997.289169630638,-1342.3893319440294,1.4759393749085026e-05,3235.454880000014,277.8430346566599,-0.0,-56696.48346785762,8790.612704213323,36687.2056246743,119.7294263511598,1877.1064503378434,-1381.2243436846354,-16985.73743226084,58.36550270467754,-4899.16213986536,-829.06502369718,-1568.7721932669187,-1446.1697135689963,-1.3298001190625819,1029.7186127955194,10997.814835879148,-1342.6574290043052,8.135089241849414e-05,3234.3028900000145,278.23607604836224,-0.0,-0.1461583312982384,0.0,1.8689036972555186,-0.005107989427415305,-0.03190160059337188,0.6981888051450369,0.0,0.10437490333265487,0.3930413917023543,0.6568076592550369,-0.5149958872582374,-1.1519899999993868,-0.26809706027574975,0.0,-0.5854025082221597,-3.3966343655592937,0.26843296541119344,6.659149866940911e-05,0.5256662485098786,0.8146630910923705,hbond_sr_bb,1.8689036972555186,Backbone-backbone hbonds close in primary sequence.,fa_elec,-3.3966343655592937,Coulombic electrostatic potential with a distance-dependent dielectric.
54,6DRC-quad,G1631S,-2.1811576288710057,-22065.840474133904,-22068.021631762775,0.7882652282714844,0.1401483416557312,-486.8754285108953,-486.88734706685136,-0.011918555956071941,0.9955744815726716,1.0429258436047502,1.0475618478662485,-56688.341359773134,8796.769875470194,36684.39190096519,119.62785345766153,1875.5724206368825,-1381.1315942077397,-16981.306556604293,58.36550270467754,-4901.690556079472,-829.2109986617437,-1568.261183237264,-1445.8867931112695,-1.3298001190625819,1029.5203740620414,10994.950806909672,-1342.1414358830543,1.6459633582557864e-05,3235.454880000014,278.8061728771732,-0.0,-56689.16132161402,8796.809526608355,36685.41835181177,119.63130010443228,1875.6425814499603,-1381.2785262444295,-16981.512785907646,58.36550270467754,-4901.615547089958,-829.2086726448097,-1568.3335316721254,-1445.889603962083,-1.3298001190625819,1029.4809664190648,10995.163274748029,-1342.7375896190545,0.00010538525134801136,3234.3670300000144,278.1671078788573,-0.0,-0.0028108508133755095,0.0,0.07500898951366253,0.0023260169340346692,0.003446646770754569,1.0264508465843392,0.0,-0.1469320366898046,-0.6390649983159165,-0.03940764297658461,0.07016081307779132,-1.0878499999994347,-0.596153736000133,0.0,-0.07234843486139653,-0.20622930335230194,0.039651138160479604,8.892561776545349e-05,0.21246783835704264,-0.8199618408834795,fa_sol,1.0264508465843392,Lazaridis-Karplus solvation energy.,ref,-1.0878499999994347,Reference energy for each amino acid. Balances internal energy of amino acid terms.  Plays role in design.
55,6DRC-quad,p.Lys1699SerfsTer12,ValueError: 'R12' is not in list,,,,,,,,,,,,,,,,,,,,,,,,,,,,,,,,,,,,,,,,,,,,,,,,,,,,,,,,,,,,,,,,,,,,,,,hbond_sc,,Sidechain-sidechain hydrogen bond energy.,hbond_sc,,Sidechain-sidechain hydrogen bond energy.
56,6DRC-quad,p.Arg1703Trp,ValueError: Not in pose,,,,,,,,,,,,,,,,,,,,,,,,,,,,,,,,,,,,,,,,,,,,,,,,,,,,,,,,,,,,,,,,,,,,,,,hbond_sc,,Sidechain-sidechain hydrogen bond energy.,hbond_sc,,Sidechain-sidechain hydrogen bond energy.
57,6DRC-quad,p.Ile1710Leu,ValueError: Not in pose,,,,,,,,,,,,,,,,,,,,,,,,,,,,,,,,,,,,,,,,,,,,,,,,,,,,,,,,,,,,,,,,,,,,,,,hbond_sc,,Sidechain-sidechain hydrogen bond energy.,hbond_sc,,Sidechain-sidechain hydrogen bond energy.
58,6DRC-quad,R1727Q,3.3478849452476425,-22081.690313415624,-22078.342428470376,0.5411959290504456,0.12231406569480896,-488.22469215554884,-488.2010031651589,0.02368899038992822,0.2444257616924322,0.26447358404068205,1.0820200874467423,-56698.69270586644,8788.262715967405,36691.525837764144,119.65454991864432,1877.3734833332048,-1380.715480447834,-16990.74455376567,58.421293332307926,-4901.793528903115,-829.793636061294,-1568.285435581613,-1445.7059806249922,-1.3298001190625819,1029.637578636131,10998.185509721736,-1342.1609001719967,0.0,3235.454880000014,279.0158594528024,-0.0,-56697.95498633844,8789.040094040216,36690.654384545494,119.65039617313252,1877.6518224598585,-1380.9089254521912,-16987.709581660813,58.50310601900354,-4901.3362208834415,-829.8472145146484,-1567.317725689497,-1447.5232759728174,-1.3298001190625819,1030.4290435729722,10998.221602558853,-1341.9254494985773,0.0,3234.0986700000144,279.2616322895672,-0.0,-1.8172953478251657,0.0,0.4573080196732917,-0.053578453354361955,-0.004153745511800366,-0.8714532186495489,0.08181268669561348,-0.1934450043572724,0.24577283676484285,0.7914649368412938,0.278339126653691,-1.3562099999994643,0.23545067341933645,0.0,0.9677098921160905,3.0349721048587526,0.7773780728111888,0.0,0.03609283711739408,0.7377195279987063,fa_elec,3.0349721048587526,Coulombic electrostatic potential with a distance-dependent dielectric.,hbond_sc,-1.8172953478251657,Sidechain-sidechain hydrogen bond energy.
59,6DRC-quad,C1738Y,-1.9388278211190482,-22083.60457348619,-22085.54340130731,0.7909413576126099,0.3069235384464264,-488.02359169543706,-488.09776620221965,-0.0741745067825832,0.2942606680787563,0.43207905064607205,1.4683547531756092,-56699.76478406683,8802.979440074303,36691.41541117023,119.60570773925103,1877.1345032923487,-1380.6445657669906,-16995.99174787307,58.36550270467754,-4902.995970712041,-829.4590192913772,-1569.444681061147,-1446.011619130634,-1.3298001190625819,1027.277359992267,10992.614643261371,-1342.2158391228065,0.0,3235.454880000014,279.4060054233042,-0.0,-56706.25408433329,8805.414409851468,36689.18596770221,119.65080643924003,1877.385861104229,-1380.9336017727117,-16995.726011533392,58.36550270467754,-4903.071446952369,-829.4065447240292,-1568.4751474977184,-1445.7149716316922,-1.3298001190625819,1027.4779277065343,10997.909100097253,-1342.0921309602606,0.0004595066374976642,3232.7823200000134,279.2879831049577,-0.0,0.2966474989418657,0.0,-0.07547624032849853,0.05247456734798561,0.04509869998899774,-2.2294434680225095,0.0,-0.2890360057210728,-0.11802231834650456,0.20056771426720843,0.25135781188032524,-2.6725600000004306,0.12370816254588135,0.0,0.9695335634287403,0.2657363396792789,2.4349697771649517,0.0004595066374976642,5.294456835881647,-6.489300266461214,fa_dun,5.294456835881647,Internal energy of sidechain rotamers as derived from Dunbrack's statistics (2010 Rotamer Library used in Talaris2013).,fa_atr,-6.489300266461214,"Lennard-Jones attractive between atoms in different residues (r^6 term, London dispersion forces)."
60,6DRC-quad,Q1798R,1.594048718943668,-22062.11744091352,-22060.523392194576,0.4403592050075531,0.16230462491512299,-488.03589081364044,-488.08602517610416,-0.05013436246372294,0.3250066381727688,0.7910433113695786,2.4339297062267122,-56696.27365646054,8803.036885712143,36691.28458362636,119.65184886569934,1877.5841301114858,-1380.5754992416828,-16988.875148534276,58.36550270467747,-4901.505282151163,-829.3076892421209,-1568.4548666663122,-1447.8616636359468,-1.3298001190625819,1028.6660822687852,11000.431946877437,-1342.086982856336,0.0,3235.454880000014,279.67728782731183,-0.0,-56694.106010317446,8803.407379874176,36689.42090464431,119.64585327031664,1877.4713725511451,-1381.1404318792613,-16987.686193521437,58.36550270467745,-4901.920422370126,-829.3166144927204,-1568.6424029302557,-1446.1902095092375,-1.3298001190625819,1029.8282884740372,10997.671390338426,-1342.4111021602266,0.0,3236.811090000014,279.59801324810246,-0.0,1.67145412670925,0.0,-0.41514021896364284,-0.008925250599531864,-0.005995595382700003,-1.863678982052079,-1.4210854715202004e-14,-0.5649326375785222,-0.07927457920936831,1.162206205252005,-0.11275756034069673,1.356209999999919,-0.3241193038907113,0.0,-0.18753626394345702,1.1889550128398696,0.3704941620326281,0.0,-2.7605565390113043,2.1676461430906784,fa_atr,2.1676461430906784,"Lennard-Jones attractive between atoms in different residues (r^6 term, London dispersion forces).",fa_dun,-2.7605565390113043,Internal energy of sidechain rotamers as derived from Dunbrack's statistics (2010 Rotamer Library used in Talaris2013).
61,6DRC-quad,p.Val1830Met,ValueError: Not in pose,,,,,,,,,,,,,,,,,,,,,,,,,,,,,,,,,,,,,,,,,,,,,,,,,,,,,,,,,,,,,,,,,,,,,,,hbond_sc,,Sidechain-sidechain hydrogen bond energy.,hbond_sc,,Sidechain-sidechain hydrogen bond energy.
62,6DRC-quad,p.Arg1841Cys,ValueError: Not in pose,,,,,,,,,,,,,,,,,,,,,,,,,,,,,,,,,,,,,,,,,,,,,,,,,,,,,,,,,,,,,,,,,,,,,,,hbond_sc,,Sidechain-sidechain hydrogen bond energy.,hbond_sc,,Sidechain-sidechain hydrogen bond energy.
63,6DRC-quad,p.Tyr1842His,ValueError: Not in pose,,,,,,,,,,,,,,,,,,,,,,,,,,,,,,,,,,,,,,,,,,,,,,,,,,,,,,,,,,,,,,,,,,,,,,,hbond_sc,,Sidechain-sidechain hydrogen bond energy.,hbond_sc,,Sidechain-sidechain hydrogen bond energy.
64,6DRC-quad,p.Arg1849Cys,ValueError: Not in pose,,,,,,,,,,,,,,,,,,,,,,,,,,,,,,,,,,,,,,,,,,,,,,,,,,,,,,,,,,,,,,,,,,,,,,,hbond_sc,,Sidechain-sidechain hydrogen bond energy.,hbond_sc,,Sidechain-sidechain hydrogen bond energy.
65,6DRC-quad,p.Arg1850Trp,ValueError: Not in pose,,,,,,,,,,,,,,,,,,,,,,,,,,,,,,,,,,,,,,,,,,,,,,,,,,,,,,,,,,,,,,,,,,,,,,,hbond_sc,,Sidechain-sidechain hydrogen bond energy.,hbond_sc,,Sidechain-sidechain hydrogen bond energy.
66,6DRC-quad,p.Arg1857Cys,ValueError: Not in pose,,,,,,,,,,,,,,,,,,,,,,,,,,,,,,,,,,,,,,,,,,,,,,,,,,,,,,,,,,,,,,,,,,,,,,,hbond_sc,,Sidechain-sidechain hydrogen bond energy.,hbond_sc,,Sidechain-sidechain hydrogen bond energy.
67,6DRC-quad,R1886Q,-0.0400910503230989,-22068.892915629283,-22068.933006679606,0.7777642011642456,0.14571288228034973,-487.9420405517085,-488.16880783995657,-0.2267672882480838,0.5586925860772702,0.2372906490074559,0.4247248932969325,-56701.88842106258,8804.903465661075,36693.0598088468,119.63644460358063,1876.9235476083038,-1379.2152171414061,-16988.208214931674,58.38979664609079,-4901.63631816336,-829.3216485317294,-1569.116282297743,-1447.3284097640094,-1.3298001190625819,1029.1044797478173,10995.261918778573,-1342.2493285144164,6.319554469003119e-05,3235.454880000014,278.666319808891,-0.0,-56701.68663590871,8804.063674750654,36692.86955975443,119.63293593796783,1876.7505945404146,-1379.4900860866428,-16986.95695220605,58.38293645574906,-4901.467322210899,-829.3302792130446,-1568.938734729063,-1447.3178975522,-1.3298001190625819,1029.4210939873649,10996.149905623875,-1342.3317378681297,0.0001164936775083919,3234.0986700000144,278.5469516700438,-0.0,0.01051221180932771,0.0,0.16899595246104582,-0.008630681315253241,-0.0035086656127987226,-0.1902490923748701,-0.006860190341726025,-0.27486894523667615,-0.11936813884716457,0.31661423954756174,-0.1729530678892388,-1.3562099999994643,-0.08240935371327396,0.0,0.17754756867998367,1.2512627256255655,-0.839790910420561,5.329813281836071e-05,0.8879868453022937,0.20178515386942308,fa_elec,1.2512627256255655,Coulombic electrostatic potential with a distance-dependent dielectric.,ref,-1.3562099999994643,Reference energy for each amino acid. Balances internal energy of amino acid terms.  Plays role in design.
68,6DRC-quad,M1914I,1.8632378851398244,-22065.661754667108,-22063.798516781968,0.28026723861694336,0.26583537459373474,-488.8767914710734,-488.78695850148506,0.08983296958831488,0.15199490369560884,0.33756655298962873,2.2209070487366684,-56702.55976169604,8806.522768264042,36689.585421710566,119.63907780472566,1877.461710489687,-1380.419561927312,-16986.59399564016,58.362128300577005,-4902.337542830747,-829.2307946026349,-1568.6826597818044,-1445.9627034620153,-1.3298001190625819,1030.1511740771907,10998.206919570845,-1342.1358328258345,0.00033816515621856724,3235.454880000014,278.2064798357066,-0.0,-56698.119432477404,8807.197675450094,36687.18392832486,119.66243043620811,1877.5027114109423,-1380.4569147086074,-16986.469556276046,58.36227080708619,-4901.90548411584,-829.2404477583481,-1568.600311230934,-1445.8999648612335,-1.3298001190625819,1029.9789872691213,10996.397780477106,-1342.482723807982,1.3820750076679045e-06,3236.1012700000138,278.3190630159846,-0.0,0.06273860078181315,0.0,0.432058714906816,-0.00965315571318115,0.023352631482453035,-2.401493385703361,0.0001425065091851252,-0.03735278129533981,0.11258318027802261,-0.17218680806945486,0.041000921255317735,0.646389999999883,-0.34689098214744263,0.0,0.0823485508703925,0.1244393641136412,0.6749071860522236,-0.00033678308121089934,-1.8091390937388496,4.440329218632542,fa_atr,4.440329218632542,"Lennard-Jones attractive between atoms in different residues (r^6 term, London dispersion forces).",fa_sol,-2.401493385703361,Lazaridis-Karplus solvation energy.
69,6DRC-quad,I1959T,2.999336291613872,-22068.391505877873,-22065.39216958626,0.6595842838287354,0.1828955113887787,-488.65747527971325,-488.65241061040797,0.005064669305284042,0.30641896641029337,0.3285238646937742,1.0721394584102946,-56700.25632551022,8805.89928035068,36688.39022874891,119.63636828609918,1876.9902773914994,-1380.4665797611904,-16986.66450013445,58.36550270467754,-4900.786139011628,-829.2741507102336,-1568.6367559012087,-1447.053748747078,-1.3298001190625819,1029.0998131744536,10996.517510129932,-1342.7269772274842,0.0003978450743623643,3235.454880000014,278.44921261334895,-0.0,-56696.08957413336,8804.181492012469,36690.28905117003,119.60575650262314,1876.9755899795575,-1381.1049678030613,-16987.331972917807,58.36550270467754,-4900.588699958741,-829.2587274421535,-1568.4555710348036,-1447.5296348793597,-1.3298001190625819,1029.2550447027306,10996.388766508415,-1342.2477607015237,0.0005299071410237721,3234.3028900000145,279.179915915959,-0.0,-0.4758861322816301,0.0,0.1974390528866934,0.015423268080098751,-0.030611783476047094,1.8988224211207125,0.0,-0.6383880418709396,0.7307033026100385,0.1552315282769996,-0.01468741194184986,-1.1519899999993868,0.4792165259605099,0.0,0.18118486640514675,-0.667472783356061,-1.7177883382119035,0.0001320620666614078,-0.1287436215170601,4.166751376862521,fa_atr,4.166751376862521,"Lennard-Jones attractive between atoms in different residues (r^6 term, London dispersion forces).",fa_rep,-1.7177883382119035,"Lennard-Jones repulsive between atoms in different residues (r^12 term, Pauli repulsion forces)."
70,6DRC-quad,R2007W,0.7298975959456584,-22067.37825641039,-22066.648358814444,0.8689769506454468,0.26199260354042053,-488.14245076378575,-488.04467816730175,0.09777259648399195,0.39494186714794016,0.8858737552679544,2.243048481198671,-56701.421486365296,8807.090962291359,36693.330714065276,119.63855480159741,1876.2447227595053,-1380.8768782722032,-16987.424912084964,58.388821184901154,-4901.16458474788,-829.3637079120256,-1568.6337429871796,-1449.043438335057,-1.3298001190625819,1028.869357869841,10996.791427558872,-1342.3780727553462,0.0,3235.454880000014,278.4489266372625,-0.0,-56701.48959944315,8807.77214398307,36679.885056618485,119.627572446418,1877.4554115639141,-1380.9547073285266,-16983.089934527714,58.385522265557924,-4901.86702281566,-829.3113724176565,-1569.3962354252399,-1443.5838569645034,-1.3298001190625819,1030.4490561504872,10996.143748508031,-1342.5054821842293,0.0,3237.810610000014,279.35053087532066,-0.0,5.459581370553678,0.0,-0.7024380677794397,0.05233549436911744,-0.010982355179407932,-13.445657446791301,-0.0032989193432300112,-0.07782905632348047,0.9016042380581553,1.5796982806461983,1.2106888044088464,2.3557300000002215,-0.12740942888308382,0.0,-0.7624924380602351,4.334977557249658,0.6811816917106626,0.0,-0.647679050840452,-0.06811307785392273,hbond_sc,5.459581370553678,Sidechain-sidechain hydrogen bond energy.,fa_sol,-13.445657446791301,Lazaridis-Karplus solvation energy.
71,6DRC-quad,R2007Q,2.117871188889694,-22067.127417334978,-22065.009546146088,0.71970534324646,0.15462827682495117,-488.06108610968295,-488.3839129205735,-0.32282681089054677,0.3078140835235122,0.8189699621218296,2.660599387614677,-56701.67066551613,8807.57602466232,36693.48709169628,119.63980383188247,1876.2786945660303,-1380.9562654910396,-16987.456115044468,58.39101281515646,-4901.209108993268,-829.3767509638385,-1568.7189204435922,-1449.0186908983342,-1.3298001190625819,1028.9365914007801,10996.728947491009,-1342.3520263596313,0.0,3235.454880000014,278.4678800309215,-0.0,-56698.74131072261,8807.278596615834,36685.09848771005,119.61686199271803,1876.690041646259,-1381.0424163716737,-16982.17837288489,58.40069629723157,-4901.118787158531,-829.3231056739809,-1570.5874948326286,-1444.4316644949095,-1.3298001190625819,1028.9706209233034,10997.260409497276,-1342.4890327643127,0.0,3234.0986700000144,278.81805419382414,-0.0,4.587026403424716,0.0,0.0903218347375514,0.053645289857627176,-0.02294183916444581,-8.388603986233647,0.009683482075111272,-0.08615088063402254,0.3501741629026469,0.034029522523269407,0.4113470802287793,-1.3562099999994643,-0.137006404681415,0.0,-1.8685743890364392,5.277742159578338,-0.29742804648594756,0.0,0.5314620062672475,2.929354793523089,fa_elec,5.277742159578338,Coulombic electrostatic potential with a distance-dependent dielectric.,fa_sol,-8.388603986233647,Lazaridis-Karplus solvation energy.
72,6DRC-quad,V2028L,3.002636597480887,-22062.798309943893,-22059.795673346413,0.44854578375816345,0.15098987519741058,-488.13480226873435,-488.0933155202292,0.041486748505121795,0.192432503715742,0.5472167639562538,2.8436815682894876,-56701.079010128386,8807.60296814846,36691.94695010118,119.64294231879757,1877.4901136032906,-1379.4115423853596,-16988.90459753782,58.13195713339898,-4901.152937607395,-829.4196541613685,-1568.5509628267018,-1446.6799194535351,-1.3298001190625819,1029.3921788172308,10997.192961283905,-1342.0465479420238,0.007141880473178694,3235.454880000014,278.91456893101883,-0.0,-56703.78820973775,8810.81249647225,36692.09342399905,119.61763905923718,1877.607268244825,-1379.024862678542,-16988.0599106873,58.14042627668785,-4901.718228684006,-829.2832310555374,-1567.949699826349,-1446.1391822541116,-1.3298001190625819,1030.0956429604996,10997.648352421496,-1341.9173540583854,0.008617601708012027,3234.4736600000147,278.91727871886263,-0.0,0.5407371994235746,0.0,-0.5652910766111745,0.1364231058311134,-0.02530325956038837,0.1464738978756941,0.008469143288870384,0.3866797068176311,0.0027097878437984946,0.7034641432687749,0.11715464153439825,-0.9812199999992117,0.1291938836384361,0.0,0.6012630003529011,0.8446868505197926,3.209528323790437,0.0014757212348333326,0.45539113759150496,-2.7091996093658963,fa_rep,3.209528323790437,"Lennard-Jones repulsive between atoms in different residues (r^12 term, Pauli repulsion forces).",fa_atr,-2.7091996093658963,"Lennard-Jones attractive between atoms in different residues (r^6 term, London dispersion forces)."
73,6DRC-quad,V2028I,3.3440988076217764,-22063.972598797944,-22060.628499990322,0.43472662568092346,0.1780429184436798,-488.1407615830176,-488.1541164980663,-0.013354915048694238,0.11962911411680084,0.36047235956178136,3.0132494269733643,-56699.4687919089,8807.105070225261,36686.41465445581,119.64402377973076,1877.4204784243248,-1379.872736824676,-16984.71091017221,58.1283019064492,-4901.277940472376,-829.4073254805879,-1567.2672394772771,-1447.689955254581,-1.3298001190625819,1029.4868804760993,10996.649278346962,-1342.02265043327,0.001226021149988675,3235.454880000014,278.7699577091898,-0.0,-56701.33915032082,8809.366372520895,36687.066755752676,119.6325477134385,1877.475679058316,-1378.822509652648,-16984.12206532123,58.126789651665604,-4901.344782707664,-829.3419080308961,-1567.2267966238255,-1447.0470682075943,-1.3298001190625819,1029.7203200565457,10996.710085664754,-1341.918903098516,0.006842486258798984,3235.1159300000136,278.6431611873743,-0.0,0.6428870469867434,0.0,-0.06684223528827715,0.06541744969183583,-0.011476066292260612,0.6521012968660216,-0.001512254783598621,1.0502271720279168,-0.12679652181549272,0.23343958044642932,0.05520063399126229,-0.3389500000002954,0.1037473347539617,0.0,0.040442853451622796,0.5888448509795126,2.261302295633868,0.005616465108810309,0.06080731779184134,-1.8703584119211882,fa_rep,2.261302295633868,"Lennard-Jones repulsive between atoms in different residues (r^12 term, Pauli repulsion forces).",fa_atr,-1.8703584119211882,"Lennard-Jones attractive between atoms in different residues (r^6 term, London dispersion forces)."
74,6DRC-quad,S2045G,3.1401813049924385,-22064.88113814011,-22061.740956835118,1.055163860321045,0.7504643797874451,-488.14818438260045,-488.1513172875493,-0.0031329049488704186,1.1763701905388295,0.4431697318835864,0.37672642119620103,-56697.758839552516,8806.179711062652,36684.0812824403,119.60608458080371,1876.855250761791,-1379.7677179671737,-16984.827357747297,58.592296011914456,-4901.216702045073,-829.3816907038741,-1567.2710608471025,-1449.8784467657922,-1.3298001190625819,1028.6045409179949,10999.782393304358,-1342.1501649432519,0.00016029442750694484,3235.454880000014,279.5440431767792,-0.0,-56693.04058280931,8802.958974403553,36677.47270654731,119.5914251638909,1876.7674005150934,-1379.2512105495914,-16981.778210817844,58.17076166361319,-4901.709137140516,-829.0208847507918,-1567.2829681015887,-1450.4945547285786,-1.3298001190625819,1027.7736444294037,10998.567109448524,-1343.6207844926548,0.0016291421442050577,3236.542730000014,287.9407953612625,-0.0,-0.6161079627863728,0.0,-0.4924350954424881,0.3608059530823766,-0.014659416912806478,-6.608575892983936,-0.42153434830126457,0.516507417582261,8.396752184483262,-0.8308964885911791,-0.08785024669759878,1.0878500000003442,-1.4706195494029544,0.0,-0.011907254486231977,3.0491469294538547,-3.2207366590992024,0.0014688477166981129,-1.215283855834059,4.718256743202801,rama_prepro,8.396752184483262,Backbone torsion preference term that takes into account of whether preceding amono acid is Proline or not.,fa_sol,-6.608575892983936,Lazaridis-Karplus solvation energy.
75,6DRC-quad,N2052S,0.7784205309690151,-22061.367553408534,-22060.589132877565,0.25213029980659485,0.1274433732032776,-488.5061146403277,-488.52939601104663,-0.023281370718905237,0.43708442963752714,0.20442146805353636,0.46769332008248954,-56705.17806355951,8813.08448473771,36693.384054088645,119.57456834418065,1877.5307447291682,-1379.3440233648214,-16992.557599805885,58.479198148953756,-4901.129603185075,-829.2074055363445,-1568.6016329615709,-1445.713858854405,-1.3298001190625819,1029.7681121499618,10997.917962794305,-1342.2362461243058,0.008261020236561695,3235.454880000014,278.7284140892792,-0.0,-56704.416191911405,8813.243378585224,36692.4796413084,119.56580670075141,1877.2608710000866,-1379.3567429566754,-16992.37790748942,58.475864485590314,-4901.414849828444,-829.2395522842069,-1568.6096381879952,-1445.1197507878371,-1.3298001190625819,1029.1415806450848,10997.736817828949,-1341.8054418517856,0.004586329776804475,3236.505450000014,278.66674565539796,-0.0,0.5941080665679692,0.0,-0.28524664336873684,-0.03214674786238447,-0.008761643429238575,-0.9044127802480944,-0.0033336633634419854,-0.01271959185396554,-0.06166843388126608,-0.6265315048769935,-0.2698737290816098,1.0505700000003344,0.43080427252016307,0.0,-0.008005226424302236,0.17969231646566186,0.15889384751426405,-0.0036746904597572197,-0.18114496535599756,0.7618716481083538,ref,1.0505700000003344,Reference energy for each amino acid. Balances internal energy of amino acid terms.  Plays role in design.,fa_sol,-0.9044127802480944,Lazaridis-Karplus solvation energy.
76,6DRC-quad,Y2054C,10.800333935774688,-22063.80224945989,-22053.001915524117,0.6787706017494202,0.4124417006969452,-488.2143821682148,-488.1171805263366,0.09720164187820046,0.384508402588997,0.09680710728369486,0.2517685091713652,-56703.25844171986,8809.434601097935,36690.33980062014,119.58480560882954,1877.363949917411,-1379.493881832736,-16988.132531013158,58.543982719287456,-4900.853400620582,-829.3641543966116,-1568.4538848237553,-1446.0526682222987,-1.3298001190625819,1029.9669801690904,10995.799959796463,-1342.0053076647557,0.011153525553374947,3235.454880000014,278.6417074982078,-0.0,-56696.0271328047,8813.788360446788,36689.442084284456,119.46056676589079,1876.1344295631022,-1378.2331240605436,-16987.903847489964,58.40936470094352,-4902.038370045752,-829.403187474658,-1569.3273371122891,-1446.6643126246927,-1.3298001190625819,1029.744905072557,10993.311840019718,-1341.1851324656277,0.019344547619079243,3238.1274400000143,280.67199327209426,-0.0,-0.6116444023939493,0.0,-1.1849694251704932,-0.03903307804637279,-0.12423884293875176,-0.8977163356830715,-0.13461801834393583,1.2607577721923917,2.030285773886476,-0.2220750965334446,-1.229520354308761,2.6725600000004306,0.8201751991280162,0.0,-0.8734522885338265,0.2286835231934674,4.353759348852691,0.008191022065704295,-2.4881197767444974,7.23130891515757,fa_atr,7.23130891515757,"Lennard-Jones attractive between atoms in different residues (r^6 term, London dispersion forces).",fa_dun,-2.4881197767444974,Internal energy of sidechain rotamers as derived from Dunbrack's statistics (2010 Rotamer Library used in Talaris2013).
77,6DRC-quad,p.Glu2081Val,ValueError: Not in pose,,,,,,,,,,,,,,,,,,,,,,,,,,,,,,,,,,,,,,,,,,,,,,,,,,,,,,,,,,,,,,,,,,,,,,,hbond_sc,,Sidechain-sidechain hydrogen bond energy.,hbond_sc,,Sidechain-sidechain hydrogen bond energy.
78,6DRC-quad,p.Glu2111del,ValueError: 'DEL' is not in list,,,,,,,,,,,,,,,,,,,,,,,,,,,,,,,,,,,,,,,,,,,,,,,,,,,,,,,,,,,,,,,,,,,,,,,hbond_sc,,Sidechain-sidechain hydrogen bond energy.,hbond_sc,,Sidechain-sidechain hydrogen bond energy.
79,6DRC-quad,p.Glu2110Lys,ValueError: Not in pose,,,,,,,,,,,,,,,,,,,,,,,,,,,,,,,,,,,,,,,,,,,,,,,,,,,,,,,,,,,,,,,,,,,,,,,hbond_sc,,Sidechain-sidechain hydrogen bond energy.,hbond_sc,,Sidechain-sidechain hydrogen bond energy.
80,6DRC-quad,D2112N,-1.935691517264786,-22063.9808221959,-22065.916513713164,0.8413773775100708,0.42147159576416016,-488.0095417902194,-488.04038592207144,-0.030844131852063583,0.5417861780814894,0.2995375704038029,0.5528704542897176,-56696.30208247898,8807.637046905538,36694.028973578745,119.54019135217479,1876.5387774114997,-1378.7798485322712,-16993.076621509997,58.33623481051795,-4902.4773566585545,-829.3846867369975,-1569.5119084339326,-1447.1670260034887,-1.3298001190625819,1028.5733655901236,10996.505029952134,-1340.977608472858,0.009991968961952993,3235.454880000014,278.40162518052455,-0.0,-56695.99377411868,8808.236820696364,36687.952539907674,119.53696050163815,1876.5910977879053,-1378.6017710736219,-16988.811229194656,58.17412279562685,-4902.3433400723,-829.3542225832851,-1570.3945830059906,-1447.1820025790291,-1.3298001190625819,1028.8914387129234,10995.967341578234,-1341.814206694724,0.007884895436130954,3236.2603600000143,278.2898488523633,-0.0,-0.014976575540458725,0.0,0.13401658625480195,0.030464153712387088,-0.0032308505366387408,-6.076433671070845,-0.1621120148911004,0.17807745864934077,-0.11177632816122696,0.31807312279988764,0.05232037640553244,0.8054800000004434,-0.8365982218658701,0.0,-0.882674572058022,4.26539231534116,0.5997737908255658,-0.0021070735258220397,-0.5376883738990728,0.30830836029781494,fa_elec,4.26539231534116,Coulombic electrostatic potential with a distance-dependent dielectric.,fa_sol,-6.076433671070845,Lazaridis-Karplus solvation energy.
81,6DRC-quad,L2114R,9.145966592041077,-22067.31539774584,-22058.169431153798,0.9780863523483276,0.5453458428382874,-488.08400735327086,-488.1284489538157,-0.04444160054481472,0.9417334451958081,0.648350161781371,0.6884646234971128,-56698.37824403484,8810.118048410402,36691.927723476314,119.51028116453587,1876.6463154290368,-1378.2376746106895,-16993.889801505826,58.21425306844121,-4902.401056569614,-829.2858932344369,-1569.2384297214721,-1448.2692429183267,-1.3298001190625819,1029.4853620546767,10994.195776592145,-1340.8269325725512,0.11051091024599259,3235.454880000014,278.8785264351719,-0.0,-56699.47867237908,8810.471721884052,36698.99417087403,119.50442092026509,1877.2207254072744,-1378.146269515642,-16992.54998241015,58.1536273240301,-4901.561723340953,-829.4007332670216,-1568.7736508664934,-1448.964065058429,-1.3298001190625819,1028.8935629923067,10996.912605199077,-1340.4104110652981,0.13713872464866017,3233.698670000014,278.4592335426461,-0.0,-0.6948221401023602,0.0,0.8393332286614168,-0.11484003258465236,-0.0058602442707780256,7.0664473977158195,-0.06062574441111224,0.09140509504754846,-0.4192928925258457,-0.5917990623700007,0.5744099782375542,-1.75621000000001,0.41652150725303727,0.0,0.46477885497870375,1.3398190956759208,0.35367347364990565,0.02662781440266758,2.716828606931813,-1.1004283442453016,fa_sol,7.0664473977158195,Lazaridis-Karplus solvation energy.,ref,-1.75621000000001,Reference energy for each amino acid. Balances internal energy of amino acid terms.  Plays role in design.
82,6DRC-quad,T2148M,3.399530180984584,-22065.25353485315,-22061.854004672165,0.8376451134681702,0.09554881602525711,-487.94253912951535,-487.8811926545859,0.06134647492945078,0.6265520330784372,0.4032062978997497,0.6435320238586998,-56702.5844023419,8806.436538991253,36694.74227089891,119.6312263686097,1877.6356608424483,-1379.9235326209352,-16992.120883867978,58.36550270467754,-4900.7222779781105,-829.3220411588145,-1568.4636299676736,-1449.517748641888,-1.3298001190625819,1029.3434431520934,11000.512282742657,-1341.7185345262892,0.0,3235.454880000014,278.3275106688417,-0.0,-56705.666423467956,8806.89101592458,36693.94972408474,119.63508221808023,1877.172691991129,-1379.9566910046594,-16987.953808262962,58.36550270467754,-4901.211122806994,-829.325840272897,-1566.4719320194117,-1446.757866747028,-1.3298001190625819,1029.0429585405311,10999.911522606173,-1342.048879861375,0.0,3235.960480000014,277.9393818202736,-0.0,2.759881894859973,0.0,-0.4888448288838845,-0.003799114082539745,0.0038558494705256408,-0.7925468141693273,0.0,-0.033158383724185114,-0.38812884856810115,-0.3004846115622968,-0.4629688513191468,0.5055999999999585,-0.3303453350858945,0.0,1.9916979482618444,4.16707560501527,0.4544769333278964,0.0,-0.6007601364835864,-3.0820211260579526,fa_elec,4.16707560501527,Coulombic electrostatic potential with a distance-dependent dielectric.,fa_atr,-3.0820211260579526,"Lennard-Jones attractive between atoms in different residues (r^6 term, London dispersion forces)."
83,6DRC-quad,R2262H,8.412366560860391,-22063.338774756063,-22054.926408195202,0.5873521566390991,0.1517295390367508,-488.0154952410594,-488.0238801155501,-0.008384874490729999,0.4127094366670834,0.6172757928202192,1.495666776619289,-56699.26936565909,8802.614722992927,36692.159979083786,119.64716326932185,1877.5138238376462,-1381.1126576657866,-16986.96235364291,58.35458614622237,-4901.842650342453,-829.6960295273108,-1568.1985360484318,-1445.6892788357407,-1.3298001190625819,1029.9245660947129,10997.449255937374,-1341.8945625504582,2.8673063476696015e-05,3235.454880000014,279.5374536001187,-0.0,-56695.80040992895,8803.516492402117,36690.48510917675,119.60303389716954,1877.049477238298,-1380.1943630478977,-16987.321071539496,58.416627090413265,-4901.772493494515,-829.7843925843857,-1568.1836211903742,-1447.2575557295056,-1.3298001190625819,1028.7129040393863,10996.722662556023,-1342.2566811159634,0.0034937888850007995,3235.2489700000137,289.21521036589155,-0.0,-1.5682768937649598,0.0,0.07015684793805121,-0.0883630570749574,-0.044129372152312385,-1.674869907037646,0.06204094419089756,0.9182946178889324,9.67775676577287,-1.211662055326542,-0.4643465993481186,-0.20591000000013082,-0.3621185655051704,0.0,0.014914858057636593,-0.35871789658631315,0.9017694091908197,0.0034651158215241035,-0.7265933813505399,3.468955730146263,rama_prepro,9.67775676577287,Backbone torsion preference term that takes into account of whether preceding amono acid is Proline or not.,fa_sol,-1.674869907037646,Lazaridis-Karplus solvation energy.
84,6DRC-quad,R2309W,-0.13044815572720836,-22066.99774279369,-22067.128190949417,1.0446140766143799,0.5472745895385742,-488.0457083240108,-488.0585618141522,-0.012853490141424118,0.4631221220162162,1.354709381937033,2.9251666407971717,-56703.759223139925,8806.296121173174,36685.23643257304,119.67663225505812,1877.3106548992437,-1380.3532890807667,-16987.0518417267,58.36550270467754,-4901.849564451585,-829.7578117826149,-1568.2061336154088,-1445.9418971539155,-1.3298001190625819,1029.2489474630545,11001.386680497904,-1341.5626699982477,7.592883394941241e-08,3235.454880000014,279.83863663243574,-0.0,-56706.01312003997,8806.739471975898,36684.258754172464,119.68097246465075,1877.3070435350062,-1379.7631833079113,-16987.815451931605,58.36550270467754,-4901.917904121082,-829.6906614705368,-1568.2514187882553,-1446.0217762357922,-1.3298001190625819,1029.6844252799083,11001.43680010517,-1341.4225753954408,1.8018574965417145e-07,3237.810610000014,279.81412004227116,-0.0,-0.07987908187669746,0.0,-0.06833966949670867,0.06715031207806987,0.00434020959262682,-0.9776784005734953,0.0,0.5901057728553951,-0.02451659016458052,0.4354778168537905,-0.003611364237485759,2.3557300000002215,0.14009460280681196,0.0,-0.04528517284643385,-0.7636102049036708,0.4433508027232165,1.0425691570475903e-07,0.05011960726551479,-2.25389690004522,ref,2.3557300000002215,Reference energy for each amino acid. Balances internal energy of amino acid terms.  Plays role in design.,fa_atr,-2.25389690004522,"Lennard-Jones attractive between atoms in different residues (r^6 term, London dispersion forces)."
85,6DRC-quad,M2318V,1.1074335559351312,-22063.237438253534,-22062.1300046976,0.46204042434692383,0.2518482506275177,-488.3520310124113,-488.3348592547627,0.017171757648611674,0.4821438793174336,0.45110642069831036,0.9356261482297304,-56698.78345949154,8803.146590006912,36691.40219572198,119.64986070822908,1877.3463810931569,-1380.877507546301,-16985.866828317976,58.36550270467754,-4900.7416138801755,-829.316641611206,-1568.1945822399057,-1448.3350379538206,-1.3298001190625819,1029.5457158731936,10998.785184106908,-1342.1199242685486,0.04804954916102406,3235.454880000014,278.5835974107754,-0.0,-56696.1906166265,8802.254718414539,36691.615677509,119.65548166579555,1877.1464328219035,-1380.919537943822,-16985.14371363972,58.36550270467754,-4900.550390768233,-829.3407034260814,-1568.1791289513958,-1448.2816846962855,-1.3298001190625819,1029.6337230831882,10996.536561086437,-1342.2030847119577,0.050280468133976075,3236.440220000014,278.31005843177087,-0.0,0.05335325753503639,0.0,0.19122311194223585,-0.02406181487538106,0.005620957566463858,0.21348178701737197,0.0,-0.04203039752087534,-0.2735389790045133,0.08800720999465739,-0.1999482712533336,0.9853400000001784,-0.08316044340904227,0.0,0.015453288509888807,0.7231146782542055,-0.8918715923737182,0.002230918972952016,-2.2486230204704043,2.5928428650368005,fa_atr,2.5928428650368005,"Lennard-Jones attractive between atoms in different residues (r^6 term, London dispersion forces).",fa_dun,-2.2486230204704043,Internal energy of sidechain rotamers as derived from Dunbrack's statistics (2010 Rotamer Library used in Talaris2013).
86,6DRC-quad,G2387A,0.26128258077733335,-22066.566042908536,-22066.30476032776,0.3667638301849365,0.1816779226064682,-492.27746969044165,-493.16723696973713,-0.8897672792954836,0.3427447279651996,0.4752245721082932,1.3865262784043315,-56700.68340160333,8805.641124313448,36688.98555102224,119.63074428346778,1877.179898241582,-1380.9865243858007,-16986.02935792602,58.36550270467647,-4900.993367013151,-829.8788160988603,-1567.7043177300247,-1447.9267980226055,-1.2835413506319089,1029.2798137851316,10997.07398141473,-1341.7249977580423,0.10424519879604657,3235.454880000014,278.92933801584473,-0.0,-56702.27434755407,8808.155035237332,36687.05330264667,119.61879367428543,1877.0172658656384,-1380.7513948826406,-16985.74653696104,58.365502704676366,-4901.0307220378445,-829.8781437300861,-1567.5848774750389,-1447.6860685046615,-1.2205455232658677,1029.8113201185602,10996.540499049328,-1341.2473126145928,0.10843868386296432,3235.9814000000138,278.4636309751172,-0.0,0.24072951794391884,0.06299582736604115,-0.03735502469316998,0.0006723687741896356,-0.01195060918234958,-1.932248375567724,-1.0658141036401503e-13,0.23512950316012393,-0.4657070407275228,0.5315063334285242,-0.16263237594353086,0.5265199999998913,0.4776851434494347,0.0,0.11944025498587507,0.28282096498151077,2.5139109238843957,0.004193485066917746,-0.5334823654011416,-1.5909459507383872,fa_rep,2.5139109238843957,"Lennard-Jones repulsive between atoms in different residues (r^12 term, Pauli repulsion forces).",fa_sol,-1.932248375567724,Lazaridis-Karplus solvation energy.
87,6DRC-quad,R2401W,0.6076648288835713,-22060.115820389736,-22059.508155560852,0.842420756816864,0.2690199911594391,-489.323715440707,-488.9380376848785,0.38567775582851027,0.9647346056108497,0.19983727971584017,0.20714223223008302,-56697.51625669322,8807.154321965856,36693.10387143007,119.63042874920424,1877.2535371170534,-1379.9727360581062,-16988.727825835376,58.44484790001749,-4901.521686498412,-829.3737150697076,-1569.2534649061279,-1445.8368909185222,-1.3298001190625819,1028.0665935339896,10998.076582411351,-1341.988039820157,0.0,3235.454880000014,278.2195324213965,-0.0,-56700.274519863015,8807.64751848706,36690.64846708663,119.63210333870784,1876.671657971545,-1380.1019729125308,-16986.860436084247,58.47561584936309,-4901.556875286444,-829.3346009822975,-1569.3811634605008,-1442.9582438956584,-1.3298001190625819,1026.702228126783,10998.44592289484,-1342.0279232370742,0.0,3237.810610000014,278.2832565250403,-0.0,2.878647022863788,0.0,-0.035188788031518925,0.039114087410098364,0.001674589503593893,-2.455404343440023,0.030767949345595014,-0.1292368544245619,0.0637241036438354,-1.3643654072066056,-0.5818791455083101,2.3557300000002215,-0.03988341691729147,0.0,-0.1276985543729552,1.8673897511289397,0.49319652120357205,0.0,0.3693404834884859,-2.7582631697951,hbond_sc,2.878647022863788,Sidechain-sidechain hydrogen bond energy.,fa_atr,-2.7582631697951,"Lennard-Jones attractive between atoms in different residues (r^6 term, London dispersion forces)."
88,6DRC-quad,p.Met2414Thr,ValueError: Not in pose,,,,,,,,,,,,,,,,,,,,,,,,,,,,,,,,,,,,,,,,,,,,,,,,,,,,,,,,,,,,,,,,,,,,,,,hbond_sc,,Sidechain-sidechain hydrogen bond energy.,hbond_sc,,Sidechain-sidechain hydrogen bond energy.
89,6DRC-quad,p.Ala2419Thr,ValueError: Not in pose,,,,,,,,,,,,,,,,,,,,,,,,,,,,,,,,,,,,,,,,,,,,,,,,,,,,,,,,,,,,,,,,,,,,,,,hbond_sc,,Sidechain-sidechain hydrogen bond energy.,hbond_sc,,Sidechain-sidechain hydrogen bond energy.
90,6DRC-quad,p.Met2430Leu,ValueError: Not in pose,,,,,,,,,,,,,,,,,,,,,,,,,,,,,,,,,,,,,,,,,,,,,,,,,,,,,,,,,,,,,,,,,,,,,,,hbond_sc,,Sidechain-sidechain hydrogen bond energy.,hbond_sc,,Sidechain-sidechain hydrogen bond energy.
91,6DRC-quad,p.Arg2446Lys,ValueError: Not in pose,,,,,,,,,,,,,,,,,,,,,,,,,,,,,,,,,,,,,,,,,,,,,,,,,,,,,,,,,,,,,,,,,,,,,,,hbond_sc,,Sidechain-sidechain hydrogen bond energy.,hbond_sc,,Sidechain-sidechain hydrogen bond energy.
92,6DRC-quad,p.Phe2502del,ValueError: 'DEL' is not in list,,,,,,,,,,,,,,,,,,,,,,,,,,,,,,,,,,,,,,,,,,,,,,,,,,,,,,,,,,,,,,,,,,,,,,,hbond_sc,,Sidechain-sidechain hydrogen bond energy.,hbond_sc,,Sidechain-sidechain hydrogen bond energy.
93,6DRC-quad,I2503T,1.4192662694731553,-22064.247529616452,-22062.82826334698,0.3634530007839203,0.11958065629005432,-489.0786759757102,-489.00961956123865,0.06905641447156086,0.4970664400144277,0.24914778061654888,0.5012363751801816,-56700.39387875962,8807.456336686979,36689.5063063266,119.59420685524276,1877.039481062361,-1380.4106267791542,-16986.275109530477,58.36550270467754,-4901.154669428893,-829.5235570614111,-1567.8332163842674,-1447.2202655955186,-1.3298001190625819,1029.4200471023282,10996.553629162976,-1342.2244115622727,0.00022785891793900004,3235.454880000014,278.7273878441284,-0.0,-56698.410938195295,8807.315830012953,36691.410126327966,119.56749199861073,1877.0202778755372,-1380.6225821182097,-16987.594214718836,58.36550270467754,-4901.088246152557,-829.4113522859227,-1567.91352752476,-1447.3104870376199,-1.3298001190625819,1029.4142696894205,10996.097518749233,-1341.68235637141,0.0011517258087727356,3234.3028900000145,279.04018209248215,-0.0,-0.09022144210121041,0.0,0.06642327633562672,0.1122047754884079,-0.026714856632025885,1.9038200013674214,0.0,-0.2119553390555211,0.3127942483537822,-0.005777412907718826,-0.019203186823688156,-1.1519899999993868,0.5420551908628113,0.0,-0.08031114049254029,-1.3191051883586624,-0.1405066740262555,0.0009238668908337355,-0.4561104137428629,1.982940564324963,fa_atr,1.982940564324963,"Lennard-Jones attractive between atoms in different residues (r^6 term, London dispersion forces).",fa_elec,-1.3191051883586624,Coulombic electrostatic potential with a distance-dependent dielectric.
94,6DRC-quad,K2530E,0.47177312811254524,-22063.728871185278,-22063.257098057165,0.7026530504226685,0.16051653027534485,-487.70666669874845,-487.6900878817978,0.01657881695064134,0.9429499112296077,0.22126739895355566,0.2346544565288974,-56701.345139935256,8808.126026749442,36697.867429886326,119.6152491526534,1875.6324320510555,-1379.751814204577,-16995.931947192857,58.36550270467754,-4901.748707439948,-829.270538199039,-1568.1475031961077,-1445.470400147497,-1.3298001190625819,1029.2517664679342,10997.841576829684,-1341.881168037585,0.0,3235.454880000014,278.9932834448652,-0.0,-56701.07384806596,8808.143061747392,36698.97382772332,119.61882796254545,1876.6800630617251,-1378.6784105018928,-16997.7896806137,58.36550270467754,-4901.624934765206,-829.27251241637,-1568.105993067329,-1446.0553607003462,-1.3298001190625819,1029.2485214029798,10999.359376512673,-1342.102665548434,0.0,3233.4449300000138,278.9419966258133,-0.0,-0.5849605528492248,0.0,0.12377267474221298,-0.0019742173309396094,0.0035788098920477296,1.1063978369929828,0.0,1.0734037026841179,-0.051286819051881594,-0.003245064954398913,1.0476310106696474,-2.009950000000117,-0.2214975108490762,0.0,0.041510128778554645,-1.8577334208421235,0.017034997950759134,0.0,1.5177996829897893,0.2712918692996027,fa_dun,1.5177996829897893,Internal energy of sidechain rotamers as derived from Dunbrack's statistics (2010 Rotamer Library used in Talaris2013).,ref,-2.009950000000117,Reference energy for each amino acid. Balances internal energy of amino acid terms.  Plays role in design.
95,6DRC-quad,R2576C,1.2133684341388289,-22065.55206059037,-22064.33869215623,0.632333517074585,0.2928926646709442,-488.6547069453045,-488.5307134907998,0.12399345450467081,0.6551901073520907,0.29090491258987333,0.44400077065501964,-56704.87579692016,8805.157560477142,36695.78299801726,119.63433538281502,1877.123438753337,-1380.719620679715,-16990.317379364184,58.379668287834164,-4900.403282023998,-829.2868500019721,-1568.2612826190093,-1447.2567691057484,-1.3298001190625819,1029.823135724434,10998.947250053594,-1342.158849345272,0.008685671357837564,3235.454880000014,278.7456172209596,-0.0,-56704.03943880728,8804.98936340742,36691.827070926825,119.62943609826392,1876.9863880995365,-1380.5873860726294,-16990.420083985147,58.386060389932126,-4900.295457373532,-829.2806524906077,-1568.4719026896692,-1445.5145462606458,-1.3298001190625819,1029.9133956112971,10997.903555923793,-1341.8568698493345,0.019975845727755945,3238.8044100000143,278.99778918887296,-0.0,1.7422228451025603,0.0,0.10782465046577272,0.006197511364348429,-0.004899284551100891,-3.95592709043558,0.006392102097962038,0.13223460708559287,0.2521719679133412,0.09025988686312303,-0.13705065380054293,3.3495300000004136,0.3019794959375304,0.0,-0.2106200706598429,-0.10270462096377742,-0.16819706972273707,0.01129017436991838,-1.0436941298012243,0.8363581128796795,ref,3.3495300000004136,Reference energy for each amino acid. Balances internal energy of amino acid terms.  Plays role in design.,fa_sol,-3.95592709043558,Lazaridis-Karplus solvation energy.
96,6DRC-quad,R2606Q,1.2704264156636782,-22067.58385204497,-22066.313425629305,0.3544553518295288,0.13179528713226318,-490.1192131325661,-490.1119536670849,0.0072594654811837245,0.2633434271703162,0.1669331865580483,0.6338991952515488,-56707.3333000871,8806.526934926602,36694.035126544506,119.65264654778838,1877.5370085703848,-1380.7301355140223,-16991.605617186055,58.326209549037756,-4901.4013525836845,-829.3699852278287,-1567.9533028908986,-1446.7862843316525,-1.3298001190625819,1028.8690270245522,11001.377793890328,-1342.0788966465261,0.0,3235.454880000014,279.22519548865085,-0.0,-56704.285979649045,8806.811670897969,36691.426578967476,119.64264631869051,1877.4522358044533,-1380.4101888215016,-16990.673948585354,58.31159779171186,-4901.46829706894,-829.4902325720326,-1567.6289939279914,-1447.2234161718993,-1.3298001190625819,1028.96629799602,11001.695635637303,-1341.78832488961,0.0,3234.0986700000144,279.5804227624899,-0.0,-0.4371318402468205,0.0,-0.06694448525558983,-0.1202473442039036,-0.010000229097869351,-2.6085475770305493,-0.014611757325894814,0.31994669252071617,0.3552272738390343,0.09727097146787855,-0.08477276593157512,-1.3562099999994643,0.2905717569160515,0.0,0.32430896290725286,0.9316686007005046,0.2847359713668993,0.0,0.31784174697531853,3.0473204380541574,fa_atr,3.0473204380541574,"Lennard-Jones attractive between atoms in different residues (r^6 term, London dispersion forces).",fa_sol,-2.6085475770305493,Lazaridis-Karplus solvation energy.
