model,mutation,complex_ddG,complex_native_dG,complex_mutant_dG,FA_RMSD,CA_RMSD,wt_rmsd,mut_rmsd,ratio_rmsd,wt_fa_atr,wt_fa_rep,wt_fa_sol,wt_fa_intra_rep,wt_fa_intra_sol_xover4,wt_lk_ball_wtd,wt_fa_elec,wt_pro_close,wt_hbond_sr_bb,wt_hbond_lr_bb,wt_hbond_bb_sc,wt_hbond_sc,wt_dslf_fa13,wt_omega,wt_fa_dun,wt_p_aa_pp,wt_yhh_planarity,wt_ref,wt_rama_prepro,wt_total_score,mut_fa_atr,mut_fa_rep,mut_fa_sol,mut_fa_intra_rep,mut_fa_intra_sol_xover4,mut_lk_ball_wtd,mut_fa_elec,mut_pro_close,mut_hbond_sr_bb,mut_hbond_lr_bb,mut_hbond_bb_sc,mut_hbond_sc,mut_dslf_fa13,mut_omega,mut_fa_dun,mut_p_aa_pp,mut_yhh_planarity,mut_ref,mut_rama_prepro,mut_total_score,delta_omega,delta_pro_close,delta_fa_atr,delta_fa_dun,delta_total_score,delta_hbond_lr_bb,delta_fa_rep,delta_rama_prepro,delta_hbond_sc,delta_fa_sol,delta_lk_ball_wtd,delta_yhh_planarity,delta_hbond_sr_bb,delta_fa_elec,delta_hbond_bb_sc,delta_p_aa_pp,delta_fa_intra_rep,delta_ref,delta_fa_intra_sol_xover4,delta_dslf_fa13,Unnamed: 0,chainA_interface_native_dG,chainA_interface_mutant_dG,chainA_interface_ddG,highest_contributor,highest_contributor_value,highest_contributor_wordy,lowest_contributor,lowest_contributor_value,lowest_contributor_wordy
6DQJ,R2524C,6.789169366,-19371.05659,-19364.26742,0.709186375,0.157588199,0.385521706,0.72960508,1.892513621,-59028.02685,8207.436426999999,41523.60648,139.8252428,2080.7827079999997,-1234.256372,-18936.32471,2180.495137,-4645.423867,-823.0580162,-1663.835995,-1660.194008,0.312055108,1176.949735,11668.85663,-1379.248298,0.0,3217.92128,-196.87417230000003,0.0,-59023.41839,8211.436432999999,41513.94274,139.7993334,2080.117545,-1234.256093,-18930.213669999997,2180.495137,-4645.540752,-823.0190552,-1664.7883960000001,-1657.2285570000001,0.312055108,1176.988034,11664.948209999999,-1378.981868,0.0,3221.27081,-196.13093519999998,0.0,0.038299257,0.0,4.608454769,-3.908417912,0.0,0.038961007,4.000005729,0.743237068,2.9654515939999997,-9.663738707,0.000278653,0.0,-0.11688474800000001,6.111036489,-0.952401176,0.266429859,-0.025909415,3.34953,-0.665163101,0.0,,,,,,,,,,
6DQN,R2524C,5.549831027000001,-20094.42634,-20088.87651,0.504160404,0.141121075,0.104499155,0.45921446,4.394432275,-59245.47345,8290.972168,41424.35804,136.3725689,2047.57581,-1217.204197,-19048.26513,2004.664295,-4671.254749000001,-869.2032265,-1634.2280210000001,-1784.343138,0.780824355,1131.722556,11640.92195,-1384.414831,0.0,3196.27216,-113.6799699,0.0,-59241.57147,8290.437934,41416.11065,136.3499267,2046.9428300000002,-1216.512816,-19042.088480000002,2004.664295,-4671.246013,-869.1993133,-1634.246316,-1782.500261,0.780824355,1131.807157,11638.84412,-1383.958971,0.0,3199.62169,-113.11229009999998,0.0,0.084600282,0.0,3.90197964,-2.0778274530000003,0.0,0.003913267,-0.534234269,0.567679788,1.84287652,-8.247396758999999,0.691380795,0.0,0.008736332,6.1766506329999995,-0.018295247,0.455859333,-0.022642225,3.34953,-0.632979608,0.0,,,,,,,,,,
6DQV,R2524C,5.395737776,-18777.05083,-18771.65509,0.468615949,0.14365872699999999,0.267396107,0.407160336,1.522686102,-60054.066810000004,8896.064855,42346.28974,146.1798389,2166.4499579999997,-1192.778609,-19297.38029,2196.680248,-4672.716192,-822.6895777000001,-1703.564446,-1662.069378,-1.114104652,1140.161887,11997.81768,-1393.089493,0.0,3183.09984,-50.32596966,0.0,-60049.334870000006,8896.148785,42337.21063,146.15409409999998,2165.8364030000002,-1192.109561,-19291.77945,2196.680248,-4672.732482,-822.6918419,-1703.587159,-1660.52425,-1.114104652,1140.168466,11995.99475,-1392.751866,0.0,3186.44937,-49.67224252,0.0,0.006578668,0.0,4.73193458,-1.82293113,0.0,-0.002264236,0.083929176,0.6537271379999999,1.545128031,-9.079107251,0.6690481079999999,0.0,-0.016290411,5.600841217999999,-0.022713433999999998,0.337627325,-0.025744819,3.34953,-0.613555187,0.0,,,,,,,,,,
6DQS,R2524C,4.294715035,-18287.485230000002,-18283.19051,0.788526297,0.22565034,0.160185849,0.508146804,3.172232808,-60917.88645,9490.608288,43252.121289999995,145.5003075,2151.642614,-1127.11737,-19420.36452,1977.845205,-4617.01509,-803.5790739,-1690.912876,-1696.118755,-1.639647056,1279.061802,12101.35398,-1368.3791720000002,0.0,3195.43683,-238.04258760000002,0.0,-60913.88582999999,9492.026032,43240.37217,145.4478185,2150.014056,-1127.360735,-19410.53014,1977.845205,-4616.439267,-803.5856704,-1690.8654920000001,-1693.120816,-1.639647056,1278.948281,12095.8885,-1367.665277,0.0,3198.78636,-237.4260636,0.0,-0.113520699,0.0,4.000619652,-5.465479137999999,0.0,-0.006596515,1.417744612,0.616523973,2.997938688,-11.74911467,-0.243364428,0.0,0.575822352,9.834379294,0.047383916,0.7138950390000001,-0.05248907,3.34953,-1.6285579719999999,0.0,,,,,,,,,,
6DQZ,R2524C,5.114867464,-15350.826340000001,-15345.711469999998,0.821806252,0.217894003,0.30257694399999996,0.271342588,0.896772188,-63615.59805,11270.572,45637.48148,158.11573959999998,2256.458986,-1060.960668,-19542.39392,1851.6799489999999,-4432.033464,-771.2271455,-1685.4771309999999,-1508.850679,1.3768235530000001,1387.3196970000001,12916.68296,-1311.749527,0.0,3189.6859999999997,-91.90940125,0.0,-63605.82514,11268.52696,45621.35679,158.03986469999998,2255.844905,-1061.502877,-19530.57645,1851.6799489999999,-4432.343299,-771.1903677,-1684.9443399999998,-1507.3350380000002,1.3768235530000001,1387.621468,12913.33835,-1311.423668,0.0,3193.03553,-91.39091807,0.0,0.301771058,0.0,9.772903661,-3.3446168939999996,0.0,0.036777847999999995,-2.0450409609999998,0.518483185,1.515641447,-16.12469695,-0.54220833,0.0,-0.309835327,11.81746437,0.532790484,0.325858923,-0.075874847,3.34953,-0.614080197,0.0,,,,,,,,,,
6DR0,R2524C,4.310221128999999,-16682.84464,-16678.53442,0.77507937,0.18763330600000003,0.45847564799999996,0.35788302200000005,0.780593306,-62160.49885,10230.31193,44236.54152,155.68879990000002,2243.018605,-1081.041281,-19435.857640000002,2092.52601,-4576.831664,-773.2765722,-1696.737851,-1532.333407,3.2529500989999995,1385.144755,12522.55396,-1360.4255210000001,0.0,3186.39292,-121.2733084,0.0,-62154.85913,10230.560609999999,44227.48605,155.6698393,2242.3297079999998,-1080.531853,-19431.73688,2092.52601,-4577.055683,-773.2890171,-1696.709429,-1531.483968,3.2529500989999995,1385.250177,12521.13538,-1360.180553,0.0,3189.74245,-120.6410811,0.0,0.10542182800000001,0.0,5.639721132999999,-1.4185803259999998,0.0,-0.012444946,0.248675645,0.632227355,0.849439683,-9.055469783,0.509427896,0.0,-0.22401841600000003,4.120758676,0.02842195,0.24496783100000002,-0.018960638000000002,3.34953,-0.6888967579999999,0.0,,,,,,,,,,
6DR2,R2524C,4.966214293,-16409.03841,-16404.07219,0.7336018679999999,0.132465035,0.275247736,0.310775802,1.129076688,-63550.49152999999,10973.60441,44970.87762,149.06739850000002,2151.117272,-1087.981129,-19564.67887,1899.5771719999998,-4543.338845,-735.9649941,-1626.9196,-1555.382275,-2.617735653,1411.997224,12627.584209999999,-1270.786206,0.0,3234.74552,110.55193929999999,0.0,-63544.80224,10973.70145,44961.15134,149.0444065,2150.310575,-1087.88889,-19558.781909999998,1899.5771719999998,-4543.606799,-735.983404,-1626.822561,-1553.178203,-2.617735653,1411.929172,12625.10622,-1270.384186,0.0,3238.09505,111.07833659999999,0.0,-0.068051972,0.0,5.689294015,-2.47799029,0.0,-0.018409986,0.097035718,0.526397333,2.204072352,-9.726281193,0.092239156,0.0,-0.267954487,5.896962857999999,0.09703904599999999,0.40202081,-0.022992018,3.34953,-0.806697049,0.0,,,,,,,,,,
6DRA,R2524C,4.504451738999999,-16742.01011,-16737.50566,0.39664879399999997,0.10714600199999999,1.009061857,0.207301502,0.20543983600000001,-62410.80184,10503.17105,43505.15468,139.94739330000002,2079.404847,-1104.12588,-19347.6897,2301.060533,-4568.272503,-705.2830379,-1720.2754289999998,-1596.5168,1.297887794,1497.241694,12232.57517,-1207.821732,0.0,3234.74552,424.17803849999996,0.0,-62407.48941,10503.05411,43494.9188,139.9150468,2078.654408,-1104.783055,-19340.45129,2301.060533,-4568.535713,-705.2982979,-1720.2612219999999,-1591.630095,1.297887794,1497.4568960000001,12228.946890000001,-1207.684057,0.0,3238.09505,425.2278468,0.0,0.21520158,0.0,3.312434301,-3.6282750910000003,0.0,-0.015260015,-0.116941095,1.049808336,4.886704786,-10.23587866,-0.657174416,0.0,-0.26321008100000004,7.238416782000001,0.014206924,0.137674721,-0.032346533,3.34953,-0.750439796,0.0,,,,,,,,,,
6DRC,R2524C,4.209900319,-18841.52921,-18837.31931,0.499576777,0.168005094,0.30708656,0.211348418,0.6882372790000001,-62283.62025,10087.53441,43495.78338,142.0099196,2089.882334,-1130.331577,-19684.98817,1977.9629510000002,-4596.125118,-789.0100624,-1685.9665059999998,-1678.482295,-1.674769938,1334.537095,12044.09188,-1320.9241220000001,0.0,3235.4548800000002,-77.66318804,0.0,-62279.49812999999,10087.058070000001,43488.22223,141.9884006,2089.289687,-1130.185571,-19679.99557,1977.9629510000002,-4596.021412,-788.9859281,-1686.018366,-1677.140759,-1.674769938,1334.594114,12042.05624,-1320.6177050000001,0.0,3238.80441,-77.15719955,0.0,0.057018927000000004,0.0,4.12211946,-2.035631045,0.0,0.024134327999999997,-0.476338311,0.505988486,1.3415366309999999,-7.56115739,0.14600508199999998,0.0,0.10370630199999999,4.992598072,-0.051860479,0.30641695399999996,-0.021519032999999996,3.34953,-0.592647667,0.0,,,,,,,,,,
6DQJ,R2524H,4.153311452,-19371.16025,-19367.00694,0.74155575,0.16359745,0.46497352700000005,0.452761938,0.9737370209999999,-59026.74985,8206.288637,41522.308489999996,139.8319407,2081.062159,-1234.739028,-18935.6365,2180.495137,-4645.584476,-823.0526771000001,-1663.757377,-1658.644657,0.312055108,1176.879317,11668.10456,-1379.210644,0.0,3217.92128,-196.98861340000002,0.0,-59022.01719,8207.0846,41513.298630000005,139.8105032,2080.679572,-1234.662698,-18929.4843,2180.495137,-4645.41598,-823.0574155,-1663.728135,-1656.390006,0.312055108,1176.919218,11667.24825,-1379.112001,0.0,3217.71537,-196.70253730000002,0.0,0.039901294,0.0,4.7326647280000005,-0.856315011,0.0,-0.004738384,0.795962341,0.286076159,2.254651151,-9.009865283,0.07632950599999999,0.0,0.16849604199999998,6.1521991279999995,0.029241912999999998,0.09864313400000001,-0.021437464,-0.20590999999999998,-0.38258780200000003,0.0,,,,,,,,,,
6DQN,R2524H,4.105591702,-20094.42634,-20090.32075,0.49957329,0.12257278,0.334508752,0.20902496,0.624871424,-59245.47345,8290.972168,41424.35804,136.3725689,2047.57581,-1217.204197,-19048.26513,2004.664295,-4671.254749000001,-869.2032265,-1634.2280210000001,-1784.343138,0.780824355,1131.722556,11640.92195,-1384.414831,0.0,3196.27216,-113.6799699,0.0,-59242.90232000001,8290.966033,41418.83554,136.3524294,2047.612305,-1216.8834550000001,-19041.85925,2004.664295,-4671.383855,-869.2137606000001,-1634.236775,-1782.64187,0.780824355,1131.874791,11639.34827,-1384.311453,0.0,3196.06625,-113.38875379999999,0.0,0.15223489099999998,0.0,2.571125537,-1.573673628,0.0,-0.010534092,-0.006135345,0.29121605,1.701268305,-5.522499992,0.320741746,0.0,-0.12910650699999998,6.405884761,-0.008753796999999999,0.103377496,-0.020139505,-0.20590999999999998,0.036495782000000004,0.0,,,,,,,,,,
6DQV,R2524H,3.008067885,-18776.996880000002,-18773.98881,0.46696296299999995,0.123325936,0.573762847,0.29600246,0.515896876,-60053.6665,8896.147732,42346.28381,146.1762345,2166.461701,-1192.8407029999998,-19297.35187,2196.680248,-4672.748662,-822.7064892999999,-1703.564846,-1662.052775,-1.114104652,1140.20462,11997.42708,-1393.106273,0.0,3183.09984,-50.32592163,0.0,-60051.37877999999,8895.788789,42341.62265,146.1543911,2166.464502,-1192.653903,-19292.12817,2196.680248,-4672.748583,-822.6989177,-1703.6042120000002,-1661.463295,-1.114104652,1140.153754,11997.304470000001,-1393.085343,0.0,3182.89393,-50.17623768,0.0,-0.050866460999999995,0.0,2.287715665,-0.122611505,0.0,0.007571629,-0.35894281100000003,0.149683949,0.589480317,-4.661156179,0.186800038,0.0,7.900000000000001e-05,5.223702213,-0.039365835,0.020930198,-0.021843424,-0.20590999999999998,0.00280104,0.0,,,,,,,,,,
6DQS,R2524H,2.9840506789999997,-18287.485230000002,-18284.501180000003,0.640321732,0.17864814399999998,0.289633502,0.41583633200000003,1.435732845,-60917.88645,9490.608288,43252.121289999995,145.5003075,2151.642614,-1127.11737,-19420.36452,1977.845205,-4617.01509,-803.5790739,-1690.912876,-1696.118755,-1.639647056,1279.061802,12101.35398,-1368.3791720000002,0.0,3195.43683,-238.04258760000002,0.0,-60916.7124,9491.284506999998,43245.0652,145.4658581,2151.661752,-1128.507752,-19411.34725,1977.845205,-4617.179758,-803.5794865,-1690.748837,-1693.9510890000001,-1.639647056,1278.858772,12099.84332,-1368.386355,0.0,3195.23092,-237.7041352,0.0,-0.203029622,0.0,1.174050493,-1.510664777,0.0,-0.000412618,0.6762197090000001,0.33845244799999996,2.16766559,-7.056087428,-1.3903818980000002,0.0,-0.164668694,9.017274498999999,0.164038439,-0.007183748,-0.034449463,-0.20590999999999998,0.019137751,0.0,,,,,,,,,,
6DQZ,R2524H,4.675723918,-15351.22498,-15346.54925,0.93964076,0.223623976,0.510925825,0.45471431100000004,0.889981067,-63615.08051,11269.03774,45636.97036,158.1187813,2256.4482629999998,-1061.064642,-19541.77953,1851.6799489999999,-4431.900965999999,-771.2032586,-1685.3339600000002,-1509.136416,1.3768235530000001,1387.3479539999998,12917.241759999999,-1311.753536,0.0,3189.6859999999997,-91.87978375,0.0,-63604.15497999999,11266.3546,45619.13433,158.0413371,2256.837174,-1062.191796,-19529.26916,1851.6799489999999,-4432.128866,-771.2079547999999,-1685.0563760000002,-1505.684027,1.3768235530000001,1388.00055,12915.92159,-1311.813334,0.0,3189.48009,-91.86920599,0.0,0.65259636,0.0,10.92552763,-1.320164696,0.0,-0.004696187,-2.683140039,0.010577763,3.452388343,-17.83602724,-1.1271548120000001,0.0,-0.22789917399999998,12.51037366,0.277583221,-0.05979819,-0.07744419799999999,-0.20590999999999998,0.388911471,0.0,,,,,,,,,,
6DR0,R2524H,0.847839812,-16677.99173,-16677.14389,0.5491238829999999,0.15558435,0.309408069,0.365234296,1.180429123,-62163.85823,10232.30177,44242.138119999996,155.6823776,2242.262424,-1079.021332,-19434.90593,2092.52601,-4576.609888,-773.2406982000001,-1696.7276370000002,-1532.497789,3.2529500989999995,1385.307373,12520.83568,-1360.2490699999998,0.0,3186.39292,-121.58077959999999,0.0,-62161.22686,10232.77327,44235.92032,155.671743,2241.964526,-1080.468755,-19431.51894,2092.52601,-4576.536664,-773.2285622,-1696.661529,-1531.5064439999999,3.2529500989999995,1385.70614,12521.907870000001,-1360.5763980000002,0.0,3186.18701,-121.32957549999999,0.0,0.39876707,0.0,2.631371711,1.07218799,0.0,0.012135971,0.471494481,0.251204169,0.9913448290000001,-6.217799453,-1.447423584,0.0,0.073223586,3.386995508,0.06610849,-0.327328222,-0.010634639,-0.20590999999999998,-0.297898096,0.0,,,,,,,,,,
6DR2,R2524H,3.52462514,-16409.03841,-16405.51378,0.6798395509999999,0.162495673,0.46505665,0.340347333,0.731840589,-63550.49152999999,10973.60441,44970.87762,149.06739850000002,2151.117272,-1087.981129,-19564.67887,1899.5771719999998,-4543.338845,-735.9649941,-1626.9196,-1555.382275,-2.617735653,1411.997224,12627.584209999999,-1270.786206,0.0,3234.74552,110.55193929999999,0.0,-63547.67627999999,10974.9927,44964.00293,149.0557364,2150.586198,-1087.722238,-19560.62185,1899.5771719999998,-4543.22932,-735.9664664,-1626.87656,-1553.84764,-2.617735653,1412.0670539999999,12628.116409999999,-1270.4769880000001,0.0,3234.5396100000003,110.5834803,0.0,0.069830003,0.0,2.815255412,0.5321951739999999,0.0,-0.00147232,1.388281444,0.031541001,1.534635264,-6.874689908,0.258891103,0.0,0.10952477,4.057021186,0.043039582,0.30921875,-0.011662127,-0.20590999999999998,-0.531074195,0.0,,,,,,,,,,
6DRA,R2524H,2.500289186,-16742.13491,-16739.634619999997,0.476528585,0.13293628400000002,0.391547838,0.11120638099999999,0.284017354,-62410.44701,10502.561590000001,43505.07518,139.947468,2079.405957,-1104.211587,-19347.39483,2301.060533,-4568.315134,-705.2806827,-1720.3147600000002,-1596.4800089999999,1.297887794,1497.2371369999998,12232.61711,-1207.824318,0.0,3234.74552,424.18504569999993,0.0,-62407.97569,10502.36703,43496.3699,139.9112154,2079.692972,-1105.239658,-19339.591080000002,2301.060533,-4568.515934,-705.2682995,-1720.261609,-1592.8985109999999,1.297887794,1497.595647,12230.157140000001,-1207.8719800000001,0.0,3234.5396100000003,424.9962148,0.0,0.358509775,0.0,2.4713157409999997,-2.459975715,0.0,0.01238311,-0.19455725199999999,0.8111690859999999,3.581497451,-8.705278072999999,-1.028070799,0.0,-0.200800397,7.803753614,0.053151237000000004,-0.0476615,-0.036252563,-0.20590999999999998,0.28701546899999997,0.0,,,,,,,,,,
6DRC,R2524H,4.314773693,-18842.41794,-18838.10317,0.505761206,0.162489459,0.311291078,0.5294880820000001,1.7009420430000002,-62285.7111,10087.21861,43500.12953,142.0229321,2090.425016,-1130.006327,-19688.77891,1977.9629510000002,-4596.098483,-789.0050807,-1686.02142,-1679.26237,-1.674769938,1334.4869019999999,12045.09413,-1320.903607,0.0,3235.4548800000002,-77.75082613,0.0,-62282.72709,10088.13291,43493.52481,141.9973343,2089.97424,-1130.232457,-19680.95489,1977.9629510000002,-4596.012022999999,-789.0148532000001,-1686.042357,-1677.474074,-1.674769938,1334.590481,12043.04317,-1320.903283,0.0,3235.24897,-77.54224620000001,0.0,0.103579265,0.0,2.984013235,-2.0509690469999997,0.0,-0.009772509,0.914302875,0.208579935,1.788295367,-6.604712848999999,-0.226129645,0.0,0.086459072,7.824025366,-0.020937624,0.000324003,-0.025597796000000003,-0.20590999999999998,-0.450775954,0.0,,,,,,,,,,
6DQJ,I2506N,5.032367488999999,-19364.28145,-19359.24908,0.20409151899999997,0.139859572,0.19800049399999997,0.846819828,4.276857147,-59031.35246,8211.131981999999,41535.03957,139.69784330000002,2080.7444769999997,-1232.776431,-18941.88775,2180.495137,-4645.875314,-822.6305456,-1665.624991,-1660.604912,0.312055108,1177.311592,11669.857109999999,-1378.999468,0.0,3217.92128,-197.04061000000002,0.0,-59029.58541,8212.026754999999,41538.4123,139.65705659999998,2080.850339,-1232.796508,-18941.18173,2180.495137,-4645.558805,-822.3513957,-1665.796141,-1660.6402289999999,0.312055108,1177.540066,11671.0082,-1378.9214539999998,0.0,3214.2772800000002,-196.9965957,0.0,0.22847420899999998,0.0,1.767052131,1.151091536,0.0,0.279149897,0.894773307,0.044014249000000005,-0.035317802999999995,3.37273253,-0.020076634,0.0,0.31650926,0.70602535,-0.171150138,0.078014087,-0.04078677,-3.6439999999999997,0.10586227599999999,0.0,,,,,,,,,,
6DQN,I2506N,3.255097969,-20090.16144,-20086.90634,0.139006272,0.113411032,0.414293288,0.32533917,0.785287088,-59254.25752000001,8295.994713,41434.71632,136.2942311,2046.939012,-1218.4738810000001,-19050.871030000002,2004.664295,-4670.960796,-869.1101094,-1634.493369,-1784.003004,0.780824355,1132.623548,11640.87538,-1383.885794,0.0,3196.27216,-113.26642220000001,0.0,-59252.547660000004,8294.952895999999,41437.68213,136.2443744,2047.54418,-1218.77622,-19050.22206,2004.664295,-4670.621472999999,-868.8491722000001,-1634.26239,-1784.0445899999997,0.780824355,1132.781266,11642.0187,-1383.5352779999998,0.0,3192.62816,-113.3443299,0.0,0.157717713,0.0,1.709856571,1.143319948,0.0,0.26093725100000004,-1.041816847,-0.077907688,-0.041586358,2.9658149839999997,-0.30233881,0.0,0.339323705,0.648970819,0.230979343,0.350515995,-0.049856637,-3.6439999999999997,0.605167981,0.0,,,,,,,,,,
6DQV,I2506N,3.834559322,-18761.08923,-18757.25467,0.233024895,0.12982940699999998,0.19121275100000001,0.615957998,3.221322826,-60063.97456,8905.880834,42363.74878,146.16360880000002,2166.9592620000003,-1188.873459,-19305.81472,2196.680248,-4672.211533,-822.7214426,-1705.445049,-1664.023322,-1.114104652,1141.868049,12000.77484,-1392.4304220000001,0.0,3183.09984,-49.65607186,0.0,-60062.117679999996,8906.335,42366.72867,146.0849136,2167.509338,-1189.21489,-19305.14525,2196.680248,-4672.21796,-822.6159848,-1705.2640649999998,-1664.034437,-1.114104652,1141.578525,12002.17645,-1392.24836,0.0,3179.4558399999996,-49.83091007,0.0,-0.289523994,0.0,1.856880848,1.40161298,0.0,0.105457809,0.454166525,-0.174838209,-0.011115037,2.9798859280000003,-0.34143130299999996,0.0,-0.006427251,0.669463489,0.180984006,0.182062487,-0.078695184,-3.6439999999999997,0.550076229,0.0,,,,,,,,,,
6DQS,I2506N,4.212502548,-18272.25237,-18268.03987,0.742162943,0.175435886,0.18203037800000002,0.46999966200000004,2.581984758,-60930.69902000001,9499.990601000001,43267.65867,145.4291517,2151.726157,-1125.474543,-19425.335759999998,1977.845205,-4617.480802,-804.0656596,-1692.222509,-1695.073223,-1.639647056,1280.067716,12106.31668,-1367.730356,0.0,3195.43683,-237.0018693,0.0,-60929.74898,9500.334857,43271.00678,145.4074779,2151.897084,-1125.384109,-19424.44471,1977.845205,-4617.4900689999995,-803.9379659,-1692.255116,-1695.0516690000002,-1.639647056,1280.053243,12107.0473,-1367.259508,0.0,3191.79283,-236.212875,0.0,-0.014472966,0.0,0.950042849,0.730616857,0.0,0.12769371300000001,0.344256172,0.788994355,0.021554505,3.3481096989999997,0.09043443699999999,0.0,-0.009267612,0.891045858,-0.032606769,0.47084853,-0.021673768,-3.6439999999999997,0.17092668800000002,0.0,,,,,,,,,,
6DQZ,I2506N,3.533789643,-15323.1179,-15319.58411,0.301858127,0.132777885,0.474107741,0.40554334299999995,0.855382243,-63630.692160000006,11276.8055,45667.13261,158.12848830000001,2257.50035,-1060.451625,-19548.58623,1851.6799489999999,-4432.5522280000005,-770.5383172999999,-1685.38148,-1508.390594,1.3768235530000001,1388.466085,12925.62056,-1311.656961,0.0,3189.6859999999997,-91.26466029,0.0,-63629.070170000006,11276.23095,45670.34268,158.0930687,2257.641165,-1060.5562619999998,-19548.40664,1851.6799489999999,-4432.696261,-770.3317198,-1685.4548519999998,-1508.3663689999998,1.3768235530000001,1388.676504,12926.1838,-1310.977722,0.0,3186.042,-89.99104555,0.0,0.21041957100000003,0.0,1.6219879119999998,0.563232329,0.0,0.206597495,-0.5745482160000001,1.273614737,0.024224827,3.2100704710000003,-0.10463747,0.0,-0.14403285300000002,0.179598022,-0.07337228400000001,0.67923955,-0.035419598999999996,-3.6439999999999997,0.14081515,0.0,,,,,,,,,,
6DR0,I2506N,6.108662878,-16667.36175,-16661.253080000002,0.376534641,0.16231399800000001,0.6288928770000001,0.3303581,0.525301067,-62186.509589999994,10243.38856,44264.11628,155.66804950000002,2242.959072,-1079.786737,-19445.75719,2092.52601,-4577.667006000001,-773.1457516,-1695.888259,-1533.04935,3.2529500989999995,1385.986803,12530.30425,-1359.60567,0.0,3186.39292,-120.5470821,0.0,-62184.71806,10244.21422,44268.6048,155.6221175,2243.097656,-1079.5887300000002,-19445.816890000002,2092.52601,-4577.6250310000005,-772.9065241000001,-1695.93058,-1533.093736,3.2529500989999995,1385.826409,12531.04245,-1358.988895,0.0,3182.74892,-119.5201703,0.0,-0.160393788,0.0,1.791532999,0.738199383,0.0,0.239227412,0.825660822,1.0269118609999999,-0.044385787,4.488525887,0.19800741100000002,0.0,0.041975325,-0.059705947999999995,-0.042320373,0.616775293,-0.045932017,-3.6439999999999997,0.138584396,0.0,,,,,,,,,,
6DR2,I2506N,-0.536715584,-16398.03945,-16398.57617,0.452948809,0.40121755,0.338953176,0.39291651200000005,1.1592058729999999,-63571.7528,10990.2742,44989.048839999996,149.00619430000003,2151.500512,-1088.9566519999998,-19574.03366,1899.5771719999998,-4545.305479,-735.423497,-1627.691577,-1556.6787160000001,-2.617735653,1413.797313,12635.20363,-1270.252409,0.0,3234.74552,111.51969109999999,0.0,-63564.44984,10983.3601,44988.34966,148.9426009,2151.896156,-1089.5131509999999,-19571.664930000003,1899.5771719999998,-4545.47143,-734.9714650000001,-1627.679433,-1556.3461810000001,-2.617735653,1413.819603,12634.31552,-1269.694385,0.0,3231.1015199999997,112.4700541,0.0,0.022289956,0.0,7.302969119,-0.888116237,0.0,0.452032009,-6.914103377999999,0.950362985,0.332534396,-0.699183514,-0.556498601,0.0,-0.165950898,2.368729937,0.012143755,0.55802376,-0.063593365,-3.6439999999999997,0.395644493,0.0,,,,,,,,,,
6DRA,I2506N,4.792723208,-16737.05142,-16732.258690000002,0.222015202,0.180371583,0.483255938,0.39119565100000003,0.8094999359999999,-62418.67064,10513.547059999999,43510.424719999995,139.89883469999998,2080.2176210000002,-1103.674313,-19356.72621,2301.060533,-4567.732418,-705.567856,-1722.559313,-1591.905497,1.297887794,1498.038951,12233.994770000001,-1207.7608369999998,0.0,3234.74552,424.31976749999995,0.0,-62417.76595,10513.269859999999,43515.571710000004,139.8575852,2080.368101,-1103.9126410000001,-19356.780319999998,2301.060533,-4568.250644,-705.6364553999999,-1722.66418,-1591.9213220000001,1.297887794,1497.969176,12235.07854,-1206.787778,0.0,3231.1015199999997,425.88568039999996,0.0,-0.06977493,0.0,0.904683956,1.083770632,0.0,-0.068599432,-0.277206114,1.5659129569999999,-0.015824878,5.146997829,-0.238328087,0.0,-0.518225642,-0.05410586,-0.104866859,0.973059165,-0.041249488,-3.6439999999999997,0.150479959,0.0,,,,,,,,,,
6DRC,I2506N,3.88635904,-18832.46598,-18828.57962,0.34252625700000006,0.21223699999999998,0.399570438,0.44704111700000004,1.1188042809999998,-62301.5916,10101.79478,43517.94882,141.9467331,2090.580138,-1128.715126,-19700.199119999997,1977.9629510000002,-4594.969221,-789.04247,-1687.000286,-1681.894639,-1.674769938,1335.193256,12049.15515,-1320.510583,0.0,3235.4548800000002,-76.90488628,0.0,-62300.166939999996,10102.66605,43519.020489999995,141.8929085,2091.140262,-1129.460134,-19699.52254,1977.9629510000002,-4594.646818,-788.7750092,-1686.538204,-1681.3359899999998,-1.674769938,1335.604405,12050.8928,-1320.283648,0.0,3231.81088,-77.16631509999999,0.0,0.411148629,0.0,1.424657879,1.737643286,0.0,0.267460762,0.8712692340000001,-0.261428825,0.558648729,1.07166851,-0.745008165,0.0,0.322402811,0.676579591,0.462081385,0.22693588399999998,-0.053824593,-3.6439999999999997,0.560123925,0.0,,,,,,,,,,
6DQJ,A196T,0.4886108892933407,-19382.469350155294,-19381.980739266004,0.5986211895942688,0.3160230815410614,0.1101511470357376,0.05582847377065881,0.5068351558113665,-59026.31834984555,8211.510145449642,41531.19856130507,139.82030213599657,2080.682330458715,-1232.1698937727485,-18940.59935323667,2162.663687669063,-4646.443472298752,-822.9618277523912,-1663.4226790071295,-1667.0322847639202,0.31205510826685545,1177.3752893096835,11668.09832649624,-1379.1545709836062,0.4545135347267011,3217.9212800000128,-194.4034099619461,-0.0,-59026.65477767206,8212.928970816058,41532.57831108547,139.82276923473592,2080.391699566974,-1232.3179236009578,-18939.661300880267,2162.647229168264,-4646.407352007561,-821.6345061600662,-1663.5086523176385,-1668.7664697276307,0.31205510826685545,1176.7224636918131,11668.082056051033,-1380.244338148639,0.4641710486422818,3217.748350000013,-194.4834945224469,-0.0,-0.6528256178703487,-0.01645850079921729,-0.3364278265144094,-0.016270445210466278,0.0,1.3273215923248929,1.4188253664160584,-0.08008456050080781,-1.7341849637102769,1.3797497803971055,-0.14802982820947366,0.009657513915580784,0.036120291191764416,0.9380523564032046,-0.08597331050896173,-1.0897671650327538,0.0024670987393449195,-0.17293000000017855,-0.29063089174132983,0.0,0.0,-399.2887127227223,-399.3253221001141,-0.0366093773918692,fa_rep,1.4188253664160584,"Lennard-Jones repulsive between atoms in different residues (r^12 term, Pauli repulsion forces).",hbond_sc,-1.7341849637102769,Sidechain-sidechain hydrogen bond energy.
6DQJ,V615M,-1.9787184441338468,-19372.62423317258,-19374.602951616715,0.5144714117050171,0.2430620044469833,0.4258359533070298,0.5209283115647196,1.2233074908757828,-59014.544039869186,8204.573775893801,41513.47826405599,139.75577313106396,2080.630068879129,-1236.20690301654,-18927.166192039982,2172.7532748506837,-4646.953835208671,-822.6604991174262,-1664.0715684454638,-1662.392179209803,0.31205510826685545,1176.8937893585367,11670.330879813213,-1378.8278179676386,0.007861511912672127,3217.9212800000128,-196.4582209004681,-0.0,-59013.25064530502,8207.638594383921,41514.52901311348,139.72525012742395,2080.6810445438914,-1236.2537296998626,-18925.333201627687,2161.1050829567635,-4646.509475142113,-822.6380872790344,-1664.1663214521616,-1662.4156191368108,0.31205510826685545,1177.0938840089666,11672.509818801045,-1378.2960417919562,0.0041843826710057435,3216.935940000013,-196.27469760851318,-0.0,0.20009465042994634,-11.64819189391983,1.2933945641780156,2.1789389878322254,0.0,0.02241183839157657,3.0648184901201603,0.1835232919549128,-0.023439927007757436,1.0507490574964322,-0.04682668332270623,-0.003677129241666383,0.4443600665581471,1.832990412294748,-0.09475300669737408,0.5317761756823529,-0.030523003640013258,-0.9853400000001784,0.050975664762518136,0.0,1.0,-399.5654945132555,-399.5609182818516,0.004576231403916609,fa_rep,3.0648184901201603,"Lennard-Jones repulsive between atoms in different residues (r^12 term, Pauli repulsion forces).",pro_close,-11.64819189391983,Proline ring closure energy and energy of psi angle of preceding residue.
6DQJ,W168A,-0.7928764867756399,-19375.23354359224,-19376.026420079008,0.545916736125946,0.13273271918296814,0.4082941487777617,0.525957052912802,1.28818170548676,-59017.17010487702,8203.63809128675,41520.114902834066,139.71851072326692,2080.133509693876,-1233.8023162953145,-18932.920898915032,2178.611419335707,-4646.389251439499,-822.9313815359268,-1666.0013047532168,-1662.8305480638062,0.31205510826685545,1177.1472273702373,11664.755658784517,-1378.8881751988254,0.06609575016070797,3217.9212800000128,-196.7183134004653,-0.0,-59002.995045215976,8199.939868215302,41513.7914691832,139.68950226215745,2079.6502477236345,-1233.518892972655,-18932.67968550175,2178.6114344252,-4646.294697984149,-822.8192948008258,-1666.316758178387,-1663.176321953949,0.31205510826685545,1176.6850895480127,11661.45982699336,-1378.7644475058146,0.0699529880829336,3216.9849700000127,-196.65569241274508,-0.0,-0.4621378222245767,1.5089492535480533e-05,14.175059661050911,-3.29583179115798,0.0,0.11208673510122937,-3.6982230714475013,0.06262098772018021,-0.3457738901427092,-6.323433650875812,0.2834233226594733,0.003857237922225629,0.09455345535025116,0.24121341328282145,-0.31545342517028985,0.1237276930110056,-0.029008461109469863,-0.9363100000000486,-0.4832619702410738,0.0,2.0,-400.1097536861853,-398.65435143786453,1.4554022483207518,fa_atr,14.175059661050911,"Lennard-Jones attractive between atoms in different residues (r^6 term, London dispersion forces).",fa_sol,-6.323433650875812,Lazaridis-Karplus solvation energy.
6DQN,A196T,0.8897344231045281,-20181.04217924252,-20180.15244481941,0.4652861654758453,0.18744993209838867,0.09712785659358167,6.526171604949147e-13,6.719155383256347e-12,-59244.91386463293,8302.189378514327,41424.80639079413,136.34499408098796,2046.187200166694,-1218.6225350474695,-19048.89270563561,1900.579679902124,-4671.171777772948,-867.6864094777942,-1633.3089916599213,-1784.5364030653666,0.7808243548841937,1124.086533521507,11652.315033586408,-1384.4144143586193,0.10169959184110912,3196.2721600000127,-111.1589721047804,-0.0,-59246.420519637235,8303.313980886718,41426.04053259212,136.34922903873118,2046.2140601018705,-1218.3714559669675,-19049.106042966432,1900.85831556763,-4671.160995557453,-867.0772707220226,-1633.5318502808589,-1784.5180160722186,0.7808243548841937,1123.8366019882174,11652.257824048755,-1384.2571033136758,0.10029038257008063,3196.099230000012,-111.5600792640472,-0.0,-0.2499315332893275,0.2786356655060445,-1.5066550043193274,-0.05720953765558079,0.0,0.6091387557717098,1.1246023723906546,-0.4011071592668145,0.01838699314748737,1.2341417979769176,0.2510790805017677,-0.001409209271028486,0.010782215495055423,-0.2133373308170121,-0.22285862093758624,0.1573110449435262,0.004234957743221912,-0.17293000000017855,0.026859935176162253,0.0,0.0,-442.7756437440512,-442.79183441071655,-0.016190666665352182,fa_sol,1.2341417979769176,Lazaridis-Karplus solvation energy.,fa_atr,-1.5066550043193274,"Lennard-Jones attractive between atoms in different residues (r^6 term, London dispersion forces)."
6DQN,V615M,12.425406770402331,-20100.374173153377,-20087.94876638297,0.962503969669342,0.3212164044380188,0.28457896943598354,0.1955132521064948,0.6870263550886734,-59235.690965405076,8291.774671378083,41417.144690828274,136.30697232345355,2046.5313307057959,-1219.2244115333765,-19043.34673762186,1995.7611938464715,-4671.660976627765,-869.3185722840486,-1633.959524385811,-1783.8387987296935,0.7808243548841937,1132.1445179472958,11637.140643386403,-1383.8338240196051,0.004597458032701493,3196.2721600000127,-113.36196477484316,-0.0,-59229.688055977735,8294.326098542544,41415.66582283027,136.277791632695,2046.719779492598,-1219.227951231487,-19042.768529102963,1995.8121332992623,-4671.646760809776,-869.3593875458298,-1633.7301130724948,-1783.6119718470209,0.7808243548841937,1133.4027605092426,11638.899358973445,-1383.0216741772988,0.00023005112037510766,3195.286820000012,-112.06594230444445,-0.0,1.2582425619466449,0.05093945279077161,6.00290942733409,1.7587155870405695,0.0,-0.040815261781062866,2.55142716446062,1.2960224703987109,0.2268268826728672,-1.4788679980047164,-0.0035396981104440783,-0.004367406912326385,0.014215817989679637,0.5782085188984638,0.2294113133161773,0.8121498423063258,-0.029180690758551012,-0.9853400000006332,0.18844878680192775,0.0,1.0,-443.2673491219175,-443.1958407369348,0.07150838498273515,fa_atr,6.00290942733409,"Lennard-Jones attractive between atoms in different residues (r^6 term, London dispersion forces).",fa_sol,-1.4788679980047164,Lazaridis-Karplus solvation energy.
6DQN,W168A,6.750945248710194,-20099.409803119164,-20092.65885787045,0.5277798175811768,0.2422377169132233,0.21125397016790154,0.5102585654332509,2.41537976790545,-59252.885492844645,8293.448369132982,41428.31995535464,136.38685838881494,2046.6873736349885,-1219.0585906939498,-19047.094928827682,2004.433797475958,-4671.479020361783,-869.3423694057375,-1635.4014331833885,-1784.2093234745294,0.7808243548841937,1131.6064879003113,11639.31845280922,-1384.0863499692168,0.05461460790765857,3196.2721600000127,-113.1611880179434,-0.0,-59239.203696311604,8298.008937664972,41422.99104262306,136.3610987186716,2046.727443852505,-1218.703125726392,-19048.59264932616,2004.4266029248456,-4671.442083018847,-869.0989263547814,-1635.586253542257,-1784.4748495921099,0.7808243548841937,1131.7640358706706,11634.948310588235,-1383.7390552678446,0.049271288232884534,3195.335850000012,-113.21163661656456,-0.0,0.15754797035879164,-0.007194551112434056,13.681796533048328,-4.3701422209869625,0.0,0.2434430509561025,4.560568531989702,-0.05044859862117335,-0.2655261175805208,-5.328912731565652,0.3554649675577366,-0.005343319674774028,0.036937342936653295,-1.497720498475246,-0.1848203588688193,0.3472947013726753,-0.02575967014337266,-0.9363100000005034,0.04007021751704088,0.0,2.0,-445.8164135538427,-440.51581665671256,5.300596897130164,fa_atr,13.681796533048328,"Lennard-Jones attractive between atoms in different residues (r^6 term, London dispersion forces).",fa_sol,-5.328912731565652,Lazaridis-Karplus solvation energy.
6DQV,A196T,3.8280585090869854,-18783.92178570925,-18780.093727200165,0.3716458082199097,0.21838103234767914,0.715538380769815,0.22514718727979674,0.314654242638349,-60059.625484688186,8900.048569242332,42364.89458613264,146.1770939064499,2166.662472008069,-1189.9388327642453,-19307.952542518622,2179.8830165045147,-4672.99597992981,-824.1258263071313,-1705.1388236396176,-1665.9396417629812,-1.1141046515735695,1139.6922549484316,12001.54041557506,-1392.4778389871522,0.512035208889861,3183.0998400000108,-47.12299398631416,-0.0,-60065.8217808471,8904.040066633243,42369.047074146016,146.1877745423626,2166.744972704475,-1189.440608974239,-19310.572231331804,2179.678364801588,-4672.936410487268,-823.8350787551112,-1705.5640870122284,-1665.681668287518,-1.1141046515735695,1139.7379599502895,12005.250276414741,-1392.703142360242,0.4264298348858818,3182.926910000011,-46.464443520688754,-0.0,0.045705001858323165,-0.20465170292709445,-6.196296158916083,3.709860839679095,0.0,0.29074755202020697,3.991497390910809,0.658550465625396,0.25797347546313176,4.152488013380207,0.4982237900062501,-0.08560537400397916,0.0595694425428519,-2.6196888131780725,-0.4252633726109707,-0.22530337308990056,0.010680635912706292,-0.1729299999997238,0.08250069640644142,0.0,0.0,-438.9592758027648,-439.0585956174763,-0.09931981471163454,fa_sol,4.152488013380207,Lazaridis-Karplus solvation energy.,fa_atr,-6.196296158916083,"Lennard-Jones attractive between atoms in different residues (r^6 term, London dispersion forces)."
6DQV,V615M,3.6391920011592447,-18773.364855260614,-18769.725663259454,0.7931503653526306,0.2534276247024536,0.4277160985329501,0.3902156115925257,0.9123238824326472,-60050.15012589932,8900.691465277638,42356.458530071024,146.13401838920169,2165.941013699384,-1190.7386542149022,-19307.946401407848,2188.489680878408,-4673.2996454949,-822.9223852111471,-1704.9804438619226,-1661.8294587319833,-1.1141046515735695,1141.9721389839474,11997.526097639857,-1392.0822785884475,0.0056243449591354,3183.0998400000108,-48.6197664829775,-0.0,-60056.31794099615,8904.225292338957,42359.43538770383,146.16610333165661,2166.0164079706706,-1191.4420628208502,-19308.245631965707,2188.4460983636513,-4673.880497683965,-822.9369881445527,-1704.8272730461576,-1661.9469256795041,-1.1141046515735695,1143.938020801163,12001.345925459782,-1392.182919735106,0.006868822047282862,3182.114500000011,-48.52592332767119,-0.0,1.965881817215632,-0.04358251475650832,-6.167815096814593,3.8198278199270135,0.0,-0.014602933405626572,3.5338270613192435,0.0938431553063026,-0.11746694752082475,2.976857632813335,-0.7034086059479705,0.0012444770881474625,-0.5808521890639895,-0.29923055785911856,0.15317081576495184,-0.100641146658063,0.03208494245492943,-0.9853399999997235,0.07539427128676834,0.0,1.0,-439.5659917876037,-439.2184452045221,0.3475465830815665,fa_dun,3.8198278199270135,Internal energy of sidechain rotamers as derived from Dunbrack's statistics (2010 Rotamer Library used in Talaris2013).,fa_atr,-6.167815096814593,"Lennard-Jones attractive between atoms in different residues (r^6 term, London dispersion forces)."
6DQV,W168A,-0.4911303922381194,-18771.68167635014,-18772.17280674238,0.6010751724243164,0.2138771116733551,0.5108652059564509,0.1229007858029448,0.2405738037548433,-60056.237779242285,8899.451317497242,42357.738452882164,146.18828289180848,2165.890435030758,-1191.480575563059,-19303.549125592657,2196.398759539168,-4673.235635323099,-823.3552927297093,-1706.1612173094873,-1665.025600158781,-1.1141046515735695,1140.8199245812975,11995.491099242532,-1392.0171823643466,0.15943982329139708,3183.0998400000108,-44.74271490339918,-0.0,-60044.89721353353,8898.112658226923,42352.425758569014,146.14739754449025,2165.6561728121437,-1191.3860275166776,-19303.129413828483,2196.3564506282746,-4673.141833902714,-823.656305072014,-1706.382953613159,-1665.096028459227,-1.1141046515735695,1140.8775078104984,11992.268915473933,-1391.9065135063854,0.15708246300239564,3182.163530000011,-45.627886186904966,-0.0,0.057583229200872665,-0.04230891089355282,11.340565708764188,-3.22218376859928,0.0,-0.3010123423048299,-1.3386592703191127,-0.8851712835057909,-0.07042830044633774,-5.312694313150132,0.09454804638153293,-0.002357360289001437,0.093801420384807,0.41971176417791867,-0.22173630367205988,0.1106688579609454,-0.04088534731826599,-0.9363100000000486,-0.2342622186142762,0.0,2.0,-438.85913357764366,-436.9544856696521,1.9046479079916023,fa_atr,11.340565708764188,"Lennard-Jones attractive between atoms in different residues (r^6 term, London dispersion forces).",fa_sol,-5.312694313150132,Lazaridis-Karplus solvation energy.
6DQS,A196T,0.2000488988996949,-18286.769379680816,-18286.56933078192,0.4169005453586577,0.11287268996238707,0.4531823799428493,0.35086989071076075,0.7742355092336309,-60922.75603187781,9495.613365604922,43267.89306546472,145.47695257446776,2151.0873773630137,-1125.8041519482597,-19431.305141939418,1971.0246477913447,-4618.577195991916,-804.47054121419,-1692.4881436346234,-1695.819166147451,-1.6396470564575032,1279.7276143322388,12102.900803359913,-1367.9409966514995,0.00032833847101496066,3195.4368300000124,-235.129348048292,-0.0,-60925.74270948293,9497.559273901385,43270.02360641355,145.4802159483493,2151.117809365632,-1125.8156063394947,-19431.979652965176,1971.023064109602,-4618.540550212228,-803.7443197288127,-1692.6138876664918,-1695.7993399743386,-1.6396470564575032,1279.8184977144488,12102.674875637564,-1368.272437498267,0.0002166953939754246,3195.263900000012,-235.38263964366902,-0.0,0.09088338220999503,-0.0015836817431136294,-2.9866776051203487,-0.2259277223474783,0.0,0.726221485377323,1.9459082964622207,-0.25329159537707824,0.01982617311205104,2.130540948834096,-0.011454391235020012,-0.00011164307703953601,0.036645779687205504,-0.6745110257543274,-0.12574403186818014,-0.3314408467672365,0.003263373881537745,-0.17293000000017855,0.030432002617999387,0.0,0.0,-408.66432652607546,-408.6953329011776,-0.03100637510215165,fa_sol,2.130540948834096,Lazaridis-Karplus solvation energy.,fa_atr,-2.9866776051203487,"Lennard-Jones attractive between atoms in different residues (r^6 term, London dispersion forces)."
6DQS,V615M,4.846928560989909,-18293.14085718913,-18288.293928628136,0.5454376935958862,0.1648048460483551,0.6022366442707953,0.5045903561436658,0.8378606000547139,-60906.850322877726,9493.57850762395,43246.83989018174,145.48562666366863,2151.5035544607204,-1129.3130563913644,-19418.9268941156,1969.7109695712534,-4619.42679233169,-803.3689244764223,-1692.4905263947323,-1695.4922807991852,-1.6396470564575032,1278.34394690071,12098.315953056464,-1368.0730495074627,0.00902715295150222,3195.4368300000124,-236.78366884994057,-0.0,-60909.85788239347,9496.235215171817,43248.868293517815,145.47665611955955,2151.608841115284,-1129.8258147287595,-19418.070504323026,1969.56513245332,-4619.689828746871,-803.335451018972,-1692.3955958783167,-1695.6534171019027,-1.6396470564575032,1278.5588006029213,12101.463929783042,-1367.6228698299808,0.00495876478633004,3194.451490000012,-236.436235078921,-0.0,0.21485370221125774,-0.14583711793375187,-3.0075595157395583,3.147976726577326,0.0,0.033473457450213566,2.656707547865153,0.3474337710196096,-0.16113630271752302,2.0284033360730973,-0.5127583373953257,-0.0040683881651721815,-0.2630364151809772,0.8563897925741912,0.0949305164162979,0.4501796774820832,-0.008970544109104141,-0.9853400000006332,0.10528665456376984,0.0,1.0,-409.3161319989558,-409.4419027713338,-0.1257707723780186,fa_dun,3.147976726577326,Internal energy of sidechain rotamers as derived from Dunbrack's statistics (2010 Rotamer Library used in Talaris2013).,fa_atr,-3.0075595157395583,"Lennard-Jones attractive between atoms in different residues (r^6 term, London dispersion forces)."
6DQS,W168A,5.3091180494448045,-18291.104702214103,-18285.795584164654,0.7208091020584106,0.2475128024816513,0.3214027577740713,0.4978315544802076,1.5489336741477373,-60911.64940654847,9487.387351569008,43248.26723266679,145.47418782180225,2150.6001529028213,-1125.9599155028295,-19418.4333317305,1977.620131116164,-4618.364513126899,-804.4263811222506,-1692.944431344641,-1697.9229912246506,-1.6396470564575032,1279.1247223070475,12100.819216750415,-1368.2185819345082,0.10224352389918327,3195.4368300000124,-236.37757128085676,-0.0,-60897.58802247508,9489.190781028028,43242.233192049935,145.45245814197173,2150.4585790172064,-1125.1191936791079,-19418.534215857595,1977.6216010754986,-4618.157109133672,-803.8898958088442,-1692.9096455056006,-1697.9477074546362,-1.6396470564575032,1280.0236999043298,12094.819223997116,-1368.0407042073164,0.08868712957836614,3194.5005200000123,-236.3581853300288,-0.0,0.8989775972822827,0.0014699593350542273,14.061384073400404,-5.99999275330083,0.0,0.5364853134063878,1.8034294590179345,0.01938595082796724,-0.024716229985870086,-6.03404061684705,0.8407218237216512,-0.01355639432081715,0.2074039932258529,-0.10088412709592376,0.03478583904052357,0.17787772719179884,-0.02172967983051421,-0.9363100000005034,-0.14157388561488915,0.0,2.0,-414.0429781524836,-409.94399154469653,4.098986607787083,fa_atr,14.061384073400404,"Lennard-Jones attractive between atoms in different residues (r^6 term, London dispersion forces).",fa_sol,-6.03404061684705,Lazaridis-Karplus solvation energy.
6DQZ,A196T,0.7890786646421475,-15355.615664683351,-15354.82658601871,0.7401344180107117,0.12909625470638275,0.2499937904905299,1.213177595810353e-12,4.852830918039581e-12,-63609.862953053525,11264.137246058552,45644.23821683419,158.12316257351404,2256.430820335113,-1061.437132563643,-19544.66460177942,1837.4709634230496,-4432.197935407281,-772.2217483985993,-1688.3253141063465,-1508.7663741241515,1.376823553451498,1388.4411352126954,12924.122348328336,-1312.2454902900909,0.00460225573958091,3189.6860000000124,-89.92543353493988,-0.0,-63611.73450809946,11265.3042432526,45644.23742306316,158.1336985737318,2256.045352312569,-1061.5957865211926,-19543.39573936253,1837.4927078159226,-4432.137420942714,-772.0556501395301,-1686.2280161014794,-1508.661512332475,1.376823553451498,1387.9364934243745,12924.456738486691,-1313.0508150194955,0.002402341010047139,3189.5130700000122,-90.46609032337092,-0.0,-0.504641788320896,0.021744392872960816,-1.8715550459164658,0.3343901583593833,0.0,0.1660982590689173,1.1669971940482355,-0.540656788431022,0.1048617916767398,-0.0007937710324767977,-0.15865395754963174,-0.002199914729533771,0.06051446456694976,1.268862416884076,2.0972980048668437,-0.8053247294044468,0.010536000217769015,-0.1729299999997238,-0.3854680225440461,0.0,0.0,-389.451226849118,-389.3946885253826,0.056538323735367164,hbond_bb_sc,2.0972980048668437,Sidechain-backbone hydrogen bond energy.,fa_atr,-1.8715550459164658,"Lennard-Jones attractive between atoms in different residues (r^6 term, London dispersion forces)."
6DQZ,V615M,3.0569557459130015,-15357.123549471922,-15354.06659372601,0.6382352709770203,0.3014720976352692,0.6298917643116072,0.25611656168018904,0.4066040805599234,-63610.2458203513,11269.19738769149,45646.02747233547,158.16374459726615,2257.550802134045,-1062.1251872248652,-19546.18726848816,1831.4185153598942,-4432.818591096548,-771.3500884253043,-1686.208516304972,-1511.8094838785166,1.376823553451498,1388.4911020887116,12924.340244479876,-1312.287384827381,0.2418554662894031,3189.6860000000124,-90.58515658139305,-0.0,-63615.795080613825,11270.786933347632,45646.40578539343,158.2297046296407,2257.6746435341433,-1061.8565970227346,-19545.388118587347,1830.7048454012304,-4432.3351281791465,-771.3326403596143,-1686.3826833951075,-1511.649307548547,1.376823553451498,1389.0362563065755,12929.661246757258,-1311.8910087684246,0.48163217433389,3188.7006600000122,-90.49456034897746,-0.0,0.5451542178641375,-0.7136699586633313,-5.549260262516327,5.321002277383741,0.0,0.017448065690132353,1.5895456561393075,0.09059623241559224,0.16017632996931752,0.3783130579540739,0.2685902021303264,0.2397767080444869,0.4834629174001748,0.7991499008094252,-0.1741670901355974,0.3963760589563208,0.06596003237453374,-0.9853400000001784,0.12384140009862675,0.0,1.0,-390.39572670453344,-390.2030124946869,0.1927142098465993,fa_dun,5.321002277383741,Internal energy of sidechain rotamers as derived from Dunbrack's statistics (2010 Rotamer Library used in Talaris2013).,fa_atr,-5.549260262516327,"Lennard-Jones attractive between atoms in different residues (r^6 term, London dispersion forces)."
6DQZ,W168A,1.3998342835275253,-15354.280006874174,-15352.880172590647,0.5761796832084656,0.1728922426700592,0.2546847338994139,1.07906057462727,4.236848271610335,-63598.17351209764,11247.347848184341,45632.70816802719,158.1359187147361,2256.2095385781377,-1064.6342105393996,-19532.249718972438,1851.1742115165719,-4432.399155899863,-773.283246145516,-1686.9690840814753,-1513.5077226135818,1.376823553451498,1387.9250660349478,12925.501989866001,-1311.5989484291752,0.04612618242378405,3189.6860000000124,-91.57609875290508,-0.0,-63587.19283491332,11246.025646851966,45628.21694764274,158.10743585350627,2255.885219969475,-1063.6981793336042,-19532.07662490516,1851.1656234890652,-4432.452591023108,-773.3419715091179,-1686.9638287208895,-1513.541794749162,1.376823553451498,1388.154136711652,12921.602358890193,-1311.391925053991,0.04088306212633956,3188.7496900000115,-91.54518840647535,-0.0,0.2290706767041684,-0.008588027506675644,10.98067718430684,-3.8996309758058487,0.0,-0.058725363601865865,-1.3222013323738793,0.030910346429735117,-0.0340721355801179,-4.491220384443295,0.936031205795416,-0.00524312029744449,-0.05343512324452604,0.17309406727872556,0.005255360585806557,0.2070233751842352,-0.0284828612298611,-0.9363100000005034,-0.3243186086624519,0.0,2.0,-393.207556776053,-390.2861586804538,2.921398095599216,fa_atr,10.98067718430684,"Lennard-Jones attractive between atoms in different residues (r^6 term, London dispersion forces).",fa_sol,-4.491220384443295,Lazaridis-Karplus solvation energy.
6DR0,A196T,5.961083549191244,-16680.533226006002,-16674.572142456807,0.6361145973205566,0.283426433801651,0.3236539865597116,0.27688884558195354,0.8555088368450229,-62160.68643354957,10226.92809497507,44244.604759185466,155.6258296722317,2240.9918416862783,-1081.4961383120008,-19437.42254348241,2091.280537106726,-4577.4110606485465,-773.6508409450673,-1695.7504172664774,-1537.507741910869,3.25295009887146,1385.5744963456839,12529.453279970525,-1361.1262817608315,0.4533345924968216,3186.392920000012,-120.03981176358316,-0.0,-62155.26606554803,10226.45412958202,44243.91079073918,155.62417491120718,2240.889054496485,-1081.52652710678,-19436.67316925213,2091.2798373335463,-4577.237303268764,-773.7383296993863,-1695.5573823310162,-1537.5581147012865,3.25295009887146,1386.0480787131644,12529.210470773056,-1360.614827543025,0.5555331218472463,3186.2199900000123,-119.84543277578018,-0.0,0.4735823674802759,-0.0006997731802584893,5.4203680015489235,-0.24280919746888685,0.0,-0.08748875431911074,-0.4739653930500936,0.19437898780296334,-0.05037279041744114,-0.6939684462922742,-0.030388794779355518,0.10219852935042477,0.1737573797827281,0.7493742302831379,0.19303493546135544,0.5114542178066586,-0.00165476102449702,-0.1729299999997238,-0.10278718979316183,0.0,0.0,-395.8793184213773,-395.869371772309,0.00994664906829712,fa_atr,5.4203680015489235,"Lennard-Jones attractive between atoms in different residues (r^6 term, London dispersion forces).",fa_sol,-0.6939684462922742,Lazaridis-Karplus solvation energy.
6DR0,V615M,0.8095797393398243,-16690.907172339124,-16690.097592599785,0.7587670683860779,0.31252652406692505,0.3977416501602604,0.15736927333187725,0.39565701321063335,-62152.00105837741,10236.448980923966,44235.52070410514,155.64946385384442,2240.2815185221307,-1083.902919132777,-19430.834811714216,2068.5702154081227,-4577.856966367133,-773.2582266523892,-1695.5650330862725,-1530.493912214336,3.25295009887146,1384.7515185099292,12522.525637334253,-1360.25790792991,0.0982046510028552,3186.392920000012,-120.22845027194737,-0.0,-62150.16001691258,10235.485087212037,44237.77775568074,155.62441498022727,2240.3901507489945,-1083.510381759984,-19434.678732132914,2068.41999605389,-4577.95526095036,-772.7251658112358,-1697.2545681434704,-1530.8825969650738,3.25295009887146,1385.2194180118954,12525.178412049818,-1359.939853266263,0.10250465088023368,3185.4075800000114,-119.84928614527777,-0.0,0.467899501966258,-0.1502193542328314,1.8410414648387812,2.6527747155651014,0.0,0.5330608411534286,-0.9638937119307228,0.3791641266695791,-0.3886847507378661,2.2570515756015084,0.3925373727929582,0.004299999877378474,-0.09829458322656136,-3.8439204186979614,-1.6895350571983272,0.3180546636469899,-0.02504887361718033,-0.9853400000006332,0.10863222686384688,0.0,1.0,-396.61819731060496,-396.64439762055014,-0.0262003099451249,fa_dun,2.6527747155651014,Internal energy of sidechain rotamers as derived from Dunbrack's statistics (2010 Rotamer Library used in Talaris2013).,fa_elec,-3.8439204186979614,Coulombic electrostatic potential with a distance-dependent dielectric.
6DR0,W168A,2.5495607743505393,-16684.476057668213,-16681.926496893862,0.5350443720817566,0.1183260977268219,0.36405596186530176,0.471843166621977,1.2960731756854345,-62150.53516521259,10221.296185689938,44230.63446102834,155.6715131054608,2241.6502059478867,-1083.5349707780124,-19427.286891446696,2091.549528700606,-4577.587910459118,-774.6969249139563,-1697.6842287004954,-1533.8488945358185,3.25295009887146,1386.1796009221282,12523.756610470271,-1359.8656858618667,0.4663157288275239,3186.392920000012,-120.28567745200087,-0.0,-62137.81538597337,10219.1436314365,44224.48455880694,155.638573979304,2241.2846863165078,-1082.637947762788,-19427.4910406042,2091.557099290055,-4577.559498287474,-774.6800423712323,-1697.6870337772866,-1533.6508732957755,3.25295009887146,1385.5916696479355,12521.806038512726,-1359.319890967695,0.6547845245623154,3185.456610000012,-119.9553864674487,-0.0,-0.5879312741926697,0.0075705894487327905,12.719779239225318,-1.9505719575445253,0.0,0.016882542724033556,-2.152554253438211,0.330290984552164,0.19802124004309007,-6.149902221404773,0.8970230152244767,0.18846879573479156,0.028412171643140024,-0.2041491575037071,-0.002805076791673855,0.5457948941716495,-0.03293912615680483,-0.9363100000005034,-0.3655196313784472,0.0,2.0,-401.79570563755084,-399.0537307634786,2.7419748740721843,fa_atr,12.719779239225318,"Lennard-Jones attractive between atoms in different residues (r^6 term, London dispersion forces).",fa_sol,-6.149902221404773,Lazaridis-Karplus solvation energy.
6DR2,A196T,17.313791413402214,-16443.602269303607,-16426.288477890204,0.4024224579334259,0.25876763463020325,0.19060659737522986,0.10924363925032587,0.5731367159095122,-63535.109986032374,10967.132864487863,44970.17802359891,149.0549467841607,2151.3254828553613,-1090.5347459734446,-19565.750727623155,1843.5216382169565,-4545.040716845694,-736.2764959601608,-1626.5006649282489,-1552.1123775382005,-2.6177356525533875,1415.1364136381467,12634.098354607868,-1269.3229734107906,0.22121887913590696,3234.7455200000136,114.24969159259537,-0.0,-63539.03031178973,10974.482320918747,44975.26276427741,149.04553766244663,2151.3556877948527,-1090.0680721016038,-19567.186669363196,1843.6481427073652,-4544.964693313347,-735.8542547731453,-1627.7497269873556,-1552.5044532807049,-2.6177356525533875,1414.9869138883284,12636.965536443884,-1269.2959983391522,0.21152376096981107,3234.5725900000148,122.45242025655699,-0.0,-0.14949974981823289,0.1265044904084789,-3.920325757353567,2.8671818360162438,0.0,0.422241187015743,7.349456430883947,8.202728663961594,-0.39207574250485777,5.0847406784960185,0.466673871841067,-0.009695118166095891,0.07602353234688053,-1.4359417400373786,-1.249062059106791,0.026975071638162262,-0.009409121714099909,-0.17292999999926906,0.03020493949134106,0.0,0.0,-354.02333370602537,-354.00641623153024,0.01691747449513059,rama_prepro,8.202728663961594,Backbone torsion preference term that takes into account of whether preceding amono acid is Proline or not.,fa_atr,-3.920325757353567,"Lennard-Jones attractive between atoms in different residues (r^6 term, London dispersion forces)."
6DR2,V615M,4.020005407732242,-16407.028136511824,-16403.008131104092,0.7298794984817505,0.24820519983768466,0.36949676434856094,0.6091785073382794,1.6486707492886654,-63535.7194997487,10974.643089728863,44961.94311179701,148.9735799202055,2149.8261009989856,-1090.0236279103983,-19555.70007142808,1888.7337992544005,-4546.4736856102145,-735.8431250702365,-1627.3032605723379,-1553.659362120491,-2.6177356525533875,1409.8059078791723,12629.26432854936,-1270.092102940025,0.15766278171093212,3234.7455200000136,112.31123363149729,-0.0,-63539.61174362197,10975.960895901928,44962.76679890751,148.95102947979828,2149.630633439953,-1090.428536922054,-19553.12304418229,1888.604720878414,-4545.97655074343,-735.8533740166313,-1626.9474579540854,-1551.397386682218,-2.6177356525533875,1410.5966692667373,12630.668242501626,-1270.497520341797,0.13303706317126932,3233.7601800000148,112.37301157380043,-0.0,0.7907613875649986,-0.12907837598663718,-3.892243873269763,1.403913952266521,0.0,-0.010248946394654013,1.3178061730650372,0.06177794230318056,2.261975438273112,0.8236871104963939,-0.4049090116554908,-0.024625718539662802,0.4971348667822895,2.577027245784848,0.3558026182524827,-0.4054174017724108,-0.022550440407229644,-0.9853399999992688,-0.1954675590327497,0.0,1.0,-353.49186547039244,-353.3917234896453,0.10014198074713933,fa_elec,2.577027245784848,Coulombic electrostatic potential with a distance-dependent dielectric.,fa_atr,-3.892243873269763,"Lennard-Jones attractive between atoms in different residues (r^6 term, London dispersion forces)."
6DR2,W168A,-3.2400706754051503,-16395.986395757143,-16399.22646643255,0.6133551597595215,0.16832880675792694,0.6676821333916765,0.20479545525813006,0.3067259778508895,-63539.268487275665,10971.851481685062,44974.52532584325,149.0662339618351,2150.9215115360057,-1089.9580952000183,-19565.600193618404,1899.208993752153,-4544.6790726925565,-736.2680302400697,-1627.7728532247274,-1553.016235399551,-2.6177356525533875,1410.9438940325088,12630.65867135104,-1269.9141536755044,0.001727842087474625,3234.7455200000136,111.18510121794792,-0.0,-63536.59483080326,10971.785221369226,44971.96746625413,149.04027227514499,2150.590404393321,-1089.4039220998095,-19564.5328492104,1899.2047342966293,-4544.489033857953,-737.0192177431477,-1627.7355199424585,-1551.6029865700987,-2.6177356525533875,1410.8100969174814,12626.802603789802,-1270.0222727723115,1.2019428265314104e-05,3233.8092100000144,110.78188090428095,-0.0,-0.1337971150278463,-0.004259455523651923,2.673656472397852,-3.8560675612370687,0.0,-0.7511875030780857,-0.06626031583618898,-0.4032203136669637,1.413248829452641,-2.5578595891201985,0.5541731002090273,-0.001715822659209311,0.1900388346039108,1.067344407998462,0.03733328226917365,-0.10811909680728604,-0.02596168669015242,-0.9363099999991392,-0.3311071426851413,0.0,2.0,-353.17120204881394,-353.11634654672713,0.05485550208686618,fa_atr,2.673656472397852,"Lennard-Jones attractive between atoms in different residues (r^6 term, London dispersion forces).",fa_dun,-3.8560675612370687,Internal energy of sidechain rotamers as derived from Dunbrack's statistics (2010 Rotamer Library used in Talaris2013).
6DRA,A196T,8.383444468396192,-16754.806902658118,-16746.423458189725,0.4522786736488342,0.2796749770641327,0.4530015611308037,0.1565383833165777,0.34555815420551594,-62391.26376646245,10496.157028221529,43494.12820637424,139.9044728715548,2079.807883484599,-1102.5391241633604,-19353.71684485356,2280.700491105964,-4568.264874687421,-705.8172638535417,-1724.2192621145855,-1592.5482256301998,1.2978877937315412,1500.8261634959194,12236.583666636758,-1208.0276270594873,0.06828293514923534,3234.7455200000136,427.37048324702124,-0.0,-62392.400332022175,10496.212548899535,43492.76166767503,139.90772553021247,2079.829764019513,-1102.4548107616743,-19354.428956228043,2280.6775541334705,-4568.230917797653,-705.9188037111256,-1725.0150470266196,-1593.3358805060752,1.2978877937315412,1501.539411330703,12238.396758182158,-1206.4413687252195,0.10161781177324852,3234.5725900000148,436.50513321271836,-0.0,0.7132478347830329,-0.022936972493425856,-1.1365655597182922,1.8130915454021304,0.0,-0.10153985758392993,0.05552067800817895,9.134649965697124,-0.7876548758754325,-1.3665386992142885,0.08431340168567658,0.033334876624013174,0.03395688976797828,-0.7121113744869945,-0.7957849120339233,1.5862583342677679,0.003252658657686425,-0.17292999999926906,0.021880534913179872,0.0,0.0,-326.32296389173285,-326.3153858132428,0.007578078490041663,rama_prepro,9.134649965697124,Backbone torsion preference term that takes into account of whether preceding amono acid is Proline or not.,fa_sol,-1.3665386992142885,Lazaridis-Karplus solvation energy.
6DRA,V615M,1.3753349354665259,-16762.15212361529,-16760.776788679825,1.1000332832336426,0.39335373044013977,0.4108197487496599,0.2910414678362596,0.7084407911792252,-62379.255504742054,10503.765477153305,43481.77427379746,139.80071069216902,2079.87731410633,-1107.6743257540454,-19337.3133421481,2269.408833045108,-4569.241022670355,-705.6097042003877,-1721.3618853223197,-1591.5099171393142,1.2978877937315412,1495.4379758856012,12226.671846656409,-1207.9191507397545,0.000245662370886024,3234.7455200000136,424.95264430853166,-0.0,-62380.45349610622,10503.592791088286,43481.1462139337,139.79109739194806,2079.4135908687913,-1107.5392078346665,-19337.13870992191,2268.9711444977715,-4569.062410316783,-705.6034323882435,-1721.5780272017707,-1590.5760800522055,1.2978877937315412,1496.0687732286826,12229.500404873796,-1207.5645976756412,0.0018856509986810504,3233.7601800000148,425.1952034898967,-0.0,0.6307973430812126,-0.4376885473366201,-1.1979913641698658,2.8285582173866715,0.0,0.006271812144063915,-0.17268606501966133,0.24255918136509536,0.9338370871087136,-0.6280598637604271,0.1351179193788994,0.0016399886277950262,0.17861235357213445,0.17463222618971486,-0.21614187945124289,0.35455306411336096,-0.009613300220962628,-0.9853399999992688,-0.4637232375384883,0.0,1.0,-326.1498375698065,-326.1384621103862,0.01137545942037832,fa_dun,2.8285582173866715,Internal energy of sidechain rotamers as derived from Dunbrack's statistics (2010 Rotamer Library used in Talaris2013).,fa_atr,-1.1979913641698658,"Lennard-Jones attractive between atoms in different residues (r^6 term, London dispersion forces)."
6DRA,W168A,-1.0312144341733074,-16752.889206092234,-16753.92042052641,0.7854408025741577,0.18158620595932007,0.4397550105375137,1.0279629059618354,2.33758088328625,-62391.11550092526,10496.569450568386,43491.28235776938,139.94277808714386,2078.6632343175093,-1105.2164930271877,-19351.128006576022,2300.932984862651,-4568.723043798799,-703.7403499297935,-1723.7616842164769,-1591.8271519673126,1.2978877937315412,1496.3181959428948,12225.757363104643,-1208.0367473324036,0.5944929326377104,3234.7455200000136,424.55550630203345,-0.0,-62386.57125112912,10495.653822426702,43489.281473051364,139.92624474237448,2078.440975427931,-1104.9603443230053,-19351.25818963381,2300.9407870898012,-4568.710606005338,-704.1044592891501,-1723.5026705999485,-1592.1517000516726,1.2978877937315412,1495.7792496837185,12224.506964352116,-1207.7125794650835,0.5927756793968388,3233.8092100000144,424.8219897235747,-0.0,-0.538946259176555,0.0078022271500231,4.544249796133954,-1.2503987525287812,0.0,-0.3641093593565756,-0.9156281416835554,0.26648342154118154,-0.32454808436045823,-2.0008847180215525,0.25614870418235114,-0.0017172532408715744,0.012437793461685942,-0.1301830577867804,0.25901361652859123,0.3241678673198294,-0.016533344769385394,-0.9363099999991392,-0.2222588895788249,0.0,2.0,-325.94626267422433,-325.9186051842298,0.0276574899944535,fa_atr,4.544249796133954,"Lennard-Jones attractive between atoms in different residues (r^6 term, London dispersion forces).",fa_sol,-2.0008847180215525,Lazaridis-Karplus solvation energy.
6DRC,A196T,4.925299579103012,-18837.34751692313,-18832.422217344032,0.6142292618751526,0.2806369662284851,0.2779668751293448,0.0708727016604367,0.2549681562864565,-62275.336935100706,10085.189515333825,43500.682740951976,142.0400615513899,2090.1352159046314,-1128.4502365396656,-19693.98388739699,1969.6021847661193,-4596.148029961344,-791.1943455535122,-1687.0125577553752,-1680.4508293675635,-1.6747699384178516,1336.4868475502508,12051.85251565294,-1321.0041264831002,0.2576487413252414,3235.454880000014,-73.79340927893479,-0.0,-62270.42054969152,10086.57240085916,43489.67831040142,141.96648232539474,2090.1572208006214,-1129.6827515396685,-19690.54647558616,1969.593665638761,-4596.420071930019,-792.0953615572572,-1686.4965989807504,-1677.3343587329114,-1.6747699384178516,1337.3385285119964,12053.530485369372,-1320.178157572082,0.24210258850530275,3235.2819500000132,-71.93426831049453,-0.0,0.8516809617458421,-0.008519127358567856,4.916385409189387,1.6779697164311074,0.0,-0.901016003744985,1.3828855253341317,1.8591409684402576,3.1164706346521602,-11.004430550558029,-1.232515000002877,-0.015546152819938652,-0.2720419686747846,3.4374118108316907,0.5159587746243233,0.825968911018208,-0.07357922599516087,-0.17293000000017855,0.02200489598999411,0.0,0.0,-494.0789596683608,-493.74957762962,0.32938203874073224,fa_atr,4.916385409189387,"Lennard-Jones attractive between atoms in different residues (r^6 term, London dispersion forces).",fa_sol,-11.004430550558029,Lazaridis-Karplus solvation energy.
6DRC,V615M,17.902590348636295,-18853.07212952546,-18835.169539176823,0.6526918411254883,0.2528828680515289,0.2095614232152296,0.3736449155801943,1.7829851975973798,-62257.306830802,10081.086652706064,43482.51120685023,141.9057525260987,2088.488278365679,-1131.0759320021414,-19682.156300270082,1961.5003903910238,-4598.578026449712,-788.9544362771006,-1682.733756631096,-1678.9249226346165,-1.6747699384178516,1334.765729193361,12037.831976366928,-1319.555452761714,0.0015117360856781515,3235.454880000014,-75.65807989405882,-0.0,-62263.803839766224,10091.625981366173,43487.69441760775,141.92514242760296,2089.195135084539,-1130.7162211729558,-19684.1565050508,1962.1871060441995,-4598.358053033998,-788.7822902578345,-1684.0924869768994,-1677.888230690115,-1.6747699384178516,1335.3018968672384,12045.747598076434,-1318.546190557301,0.00010236398562037813,3234.4695400000146,-75.29787157022503,-0.0,0.5361676738775714,0.6867156531752698,-6.497008964215637,7.915621709506012,0.0,0.17214601926616524,10.539328660108367,0.3602083238337883,1.0366919445011715,5.183210757524648,0.3597108291853601,-0.0014093721000577734,0.21997341571295687,-2.0002047807138297,-1.3587303458034512,1.0092622044128348,0.019389901504297317,-0.9853399999992688,0.7068567188598536,0.0,1.0,-492.40892855581114,-492.1665803708529,0.24234818495824584,fa_rep,10.539328660108367,"Lennard-Jones repulsive between atoms in different residues (r^12 term, Pauli repulsion forces).",fa_atr,-6.497008964215637,"Lennard-Jones attractive between atoms in different residues (r^6 term, London dispersion forces)."
6DRC,W168A,1.79189288210182,-18840.34260169126,-18838.55070880916,0.4990746676921845,0.10967053472995758,0.5462919525575288,0.2975456291787502,0.5446641265458076,-62284.44336192265,10086.10615525816,43510.58594626675,142.0402202287744,2090.158993464751,-1128.4383537612846,-19699.963379913075,1976.045213422604,-4596.08606698893,-789.4038348076666,-1687.6957287926566,-1679.3846286903556,-1.6747699384178516,1334.2640232592607,12049.35848546696,-1320.3046989131242,8.672465997418971e-05,3235.454880000014,-76.96178205503027,-0.0,-62274.01491749905,10086.299473254468,43502.32240709203,142.03089338351273,2090.0279116395113,-1128.2407928285872,-19698.3340954396,1976.0483832529485,-4595.924620309225,-789.2424933585705,-1687.5640161139793,-1678.0518770824792,-1.6747699384178516,1334.0511606265645,12046.151048808271,-1320.2064762640111,5.02446689289171e-06,3234.518570000015,-76.74650305702777,-0.0,-0.2128626326962149,0.003169830345086666,10.428444423596378,-3.2074366586912215,0.0,0.16134144909597126,0.193317996307087,0.2152789980024892,1.332751607876162,-8.263539174717152,0.19756093269734265,-8.1700193081298e-05,0.16144667970456794,1.6292844734780374,0.1317126786773315,0.09822264911304046,-0.009326845261625749,-0.9363099999991392,-0.13108182523956202,0.0,2.0,-492.22283063474237,-492.26327566674456,-0.04044503200202598,fa_atr,10.428444423596378,"Lennard-Jones attractive between atoms in different residues (r^6 term, London dispersion forces).",fa_sol,-8.263539174717152,Lazaridis-Karplus solvation energy.
