model,mutation,complex_ddG,complex_native_dG,complex_mutant_dG,FA_RMSD,CA_RMSD,wt_rmsd,mut_rmsd,ratio_rmsd,wt_fa_atr,wt_fa_rep,wt_fa_sol,wt_fa_intra_rep,wt_fa_intra_sol_xover4,wt_lk_ball_wtd,wt_fa_elec,wt_pro_close,wt_hbond_sr_bb,wt_hbond_lr_bb,wt_hbond_bb_sc,wt_hbond_sc,wt_dslf_fa13,wt_omega,wt_fa_dun,wt_p_aa_pp,wt_yhh_planarity,wt_ref,wt_rama_prepro,wt_total_score,mut_fa_atr,mut_fa_rep,mut_fa_sol,mut_fa_intra_rep,mut_fa_intra_sol_xover4,mut_lk_ball_wtd,mut_fa_elec,mut_pro_close,mut_hbond_sr_bb,mut_hbond_lr_bb,mut_hbond_bb_sc,mut_hbond_sc,mut_dslf_fa13,mut_omega,mut_fa_dun,mut_p_aa_pp,mut_yhh_planarity,mut_ref,mut_rama_prepro,mut_total_score,delta_omega,delta_pro_close,delta_fa_atr,delta_fa_dun,delta_total_score,delta_hbond_lr_bb,delta_fa_rep,delta_rama_prepro,delta_hbond_sc,delta_fa_sol,delta_lk_ball_wtd,delta_yhh_planarity,delta_hbond_sr_bb,delta_fa_elec,delta_hbond_bb_sc,delta_p_aa_pp,delta_fa_intra_rep,delta_ref,delta_fa_intra_sol_xover4,delta_dslf_fa13
6DQJ,A196T,5.049876781,-19383.40325,-19378.35338,0.59149766,0.297833681,0.206606974,0.238048417,1.152179967,-59032.82156,8214.149643,41534.13765,139.8202391,2080.391906,-1231.610176,-18945.41543,2162.673772,-4646.325783,-822.6631261,-1664.597295,-1666.951639,0.312055108,1178.634262,11668.31328,-1378.276693,0.443545671,3217.92128,-191.5391839,0,-59032.94706,8217.031981,41535.14107,139.8240314,2080.498172,-1232.342568,-18945.66697,2162.699074,-4646.381669,-822.9764796,-1664.41201,-1666.693532,0.312055108,1179.199081,11671.03493,-1378.438185,0.428369465,3217.74835,-192.4120252,0,0.564818591,0.025302389,-0.125499467,2.721654092,0,-0.313353542,2.882337962,-0.872841269,0.25810694,1.003418539,-0.73239169,-0.015176206,-0.055885496,-0.251534761,0.18528417,-0.161491952,0.00379234,-0.17293,0.106266142,0
6DQN,A196T,0.889257171,-20178.94007,-20178.05081,0.464399695,0.187788427,0.352458874,0.013408134,0.038041699,-59245.04423,8302.157804,41424.90378,136.3437205,2046.187266,-1218.650681,-19047.41693,1900.57968,-4671.171778,-867.6382336,-1633.308992,-1783.864339,0.780824355,1124.086534,11652.31503,-1384.414414,0.101699592,3196.27216,-111.1589721,0,-59246.73959,8303.457522,41426.26012,136.3479629,2046.212502,-1218.399623,-19047.64102,1900.741486,-4671.132301,-867.0330994,-1633.531963,-1783.876938,0.780824355,1123.817014,11652.34675,-1384.283515,0.104336437,3196.09923,-111.580514,0,-0.269519291,0.161805851,-1.695358265,0.031715763,0,0.60513419,1.299718727,-0.421541884,-0.012598815,1.356345803,0.251057886,0.002636845,0.039476526,-0.224091627,-0.222971717,0.130899204,0.004242454,-0.17293,0.025235522,0
6DQV,A196T,3.08378177,-18782.92272,-18779.83894,0.37251687,0.220640272,0.187620174,0.099617363,0.5309523,-60060.58971,8901.174816,42365.46453,146.1713882,2166.652877,-1189.366081,-19308.61285,2179.894922,-4672.992346,-824.2992738,-1705.108528,-1665.734725,-1.114104652,1139.50755,12002.00094,-1392.2632,0.44416831,3183.09984,-47.25293727,0,-60065.79342,8903.827648,42369.04318,146.1875546,2166.739212,-1189.086663,-19310.63424,2179.651546,-4672.935728,-823.8833521,-1705.576875,-1665.609721,-1.114104652,1139.765258,12005.37788,-1392.710733,0.436082638,3182.92691,-46.44937366,0,0.257708046,-0.243376093,-5.203709564,3.376937934,0,0.415921688,2.652832102,0.803563605,0.125003549,3.578649955,0.279418694,-0.008085672,0.056617639,-2.0213919,-0.468346196,-0.447533476,0.016166345,-0.17293,0.086335114,0
6DQS,A196T,-0.357850114,-18288.80921,-18289.16706,0.428443074,0.137994632,7.44E-13,0.234454845,3.15E+11,-60922.64435,9495.282753,43267.93541,145.4766231,2151.088215,-1125.526733,-19432.74241,1971.024648,-4618.590709,-804.4705412,-1692.488144,-1696.509556,-1.639647056,1279.727614,12102.9008,-1367.940997,0.000328338,3195.43683,-235.129348,0,-60925.82962,9497.276224,43269.74501,145.4786521,2151.119897,-1125.375856,-19433.34272,1971.055518,-4618.55524,-803.7067917,-1692.627305,-1696.699648,-1.639647056,1279.984796,12102.28494,-1368.343018,0.000453801,3195.2639,-235.2566085,0,0.257181957,0.030870686,-3.185266336,-0.615861877,0,0.763749473,1.993471046,-0.127260456,-0.190091939,1.809591153,0.150877243,0.000125462,0.035469029,-0.60030402,-0.139161633,-0.402021568,0.002028955,-0.17293,0.031682713,0
6DQZ,A196T,-0.134963051,-15354.63058,-15354.76555,0.656069696,0.156317353,0.016903273,0.089504161,5.29507867,-63610.12275,11263.70458,45644.19782,158.1218699,2256.434274,-1061.248681,-19543.49032,1837.486964,-4432.145767,-772.1761,-1688.362462,-1508.549853,1.376823553,1388.409043,12924.21123,-1312.238827,0.001872359,3189.686,-89.92629929,0,-63614.13371,11265.3246,45646.50568,158.1350555,2256.475629,-1061.129967,-19543.48764,1837.502186,-4432.150008,-772.0809301,-1688.384689,-1508.402807,1.376823553,1388.458569,12924.78353,-1312.924897,0.003118611,3189.51307,-90.14914471,0,0.049526394,0.015221938,-4.010961206,0.572299175,0,0.095169909,1.620018936,-0.222845419,0.147045726,2.307855629,0.118714153,0.001246252,-0.004241022,0.002673054,-0.022226623,-0.686070592,0.013185627,-0.17293,0.04135502,0
6DR0,A196T,6.22806624,-16681.67956,-16675.4515,0.630162418,0.280700594,0.352285591,0.314539095,0.892852569,-62161.40686,10226.29856,44245.10246,155.6275391,2241.023879,-1081.368974,-19438.15343,2091.280961,-4577.380227,-773.7107534,-1695.802462,-1537.297815,3.252950099,1385.725021,12529.59773,-1361.13257,0.38571649,3186.39292,-120.1142062,0,-62157.2546,10227.27414,44245.3884,155.6296667,2240.921566,-1081.30373,-19437.69826,2091.280888,-4577.372575,-773.6657335,-1695.804744,-1537.471479,3.252950099,1385.785204,12529.78254,-1360.885203,0.527997785,3186.21999,-120.0585012,0,0.060183219,-7.22E-05,4.152254727,0.18480574,0,0.045019926,0.975582893,0.05570505,-0.173664351,0.285937691,0.065244066,0.142281296,0.007651727,0.455165743,-0.002281379,0.247367579,0.002127606,-0.17293,-0.102313044,0
6DR2,A196T,13.31670756,-16448.36188,-16435.04518,0.382670909,0.237089038,0.259706652,0.179631638,0.691671304,-63535.12112,10966.47591,44969.97966,149.0557478,2151.31611,-1090.300693,-19567.10192,1843.521638,-4545.019796,-736.3041952,-1626.497874,-1554.875829,-2.617735653,1415.136414,12634.09835,-1269.322973,0.221218879,3234.74552,114.2496916,0,-63537.98162,10971.63818,44973.17484,149.0448835,2151.366969,-1089.956545,-19567.29873,1843.742629,-4544.695187,-736.0418053,-1627.59203,-1555.030119,-2.617735653,1413.551304,12636.48418,-1269.46844,0.202160164,3234.57259,121.8592955,0,-1.585109935,0.220991057,-2.86049923,2.38582995,0,0.262389934,5.162277469,7.609603864,-0.154289865,3.195184151,0.344147614,-0.019058715,0.324609217,-0.196809268,-1.094156108,-0.145467059,-0.010864346,-0.17293,0.050858834,0
6DRA,A196T,3.480316051,-16752.4459,-16748.96558,0.46434927,0.284322083,0.391355622,0.177286916,0.453007203,-62393.20023,10498.55161,43495.99925,139.8984417,2079.715985,-1102.938646,-19352.54396,2280.858135,-4568.690249,-705.6319042,-1721.448288,-1596.299767,1.297887794,1500.635104,12237.63898,-1207.884346,0.058468518,3234.74552,426.7921056,0,-62393.38328,10495.02058,43493.02293,139.9051688,2079.925071,-1103.025496,-19353.51272,2280.666436,-4568.293522,-706.2849356,-1723.151636,-1595.0724,1.297887794,1502.721639,12236.09753,-1206.36928,0.080942908,3234.57259,436.8169087,0,2.086534646,-0.191698597,-0.183050205,-1.541449458,0,-0.653031348,-3.531027789,10.02480316,1.227367418,-2.976320588,-0.086850201,0.02247439,0.396726493,-0.96876267,-1.703347987,1.515065456,0.006727124,-0.17293,0.209086211,0
6DRC,A196T,4.775580882,-18839.07814,-18834.30256,0.612673461,0.280398786,0.055290512,0.733337766,13.26335651,-62275.48821,10085.67714,43500.78496,142.0364809,2090.135324,-1128.827138,-19693.20078,1969.636751,-4596.175316,-791.1937613,-1687.783427,-1682.081895,-1.674769938,1336.509578,12051.7225,-1321.070563,0.225197932,3235.45488,-73.76509171,0,-62270.68005,10087.0529,43489.82603,141.9664168,2090.147564,-1129.931669,-19689.78371,1969.644188,-4596.423969,-792.1580472,-1687.351843,-1679.201692,-1.674769938,1337.305802,12053.51629,-1320.159301,0.216261025,3235.28195,-71.89490582,0,0.796223828,0.007436776,4.808158046,1.793786888,0,-0.964285847,1.375763596,1.870185889,2.880203315,-10.95893414,-1.104531189,-0.008936908,-0.248652877,3.417071647,0.431583533,0.911262693,-0.070064089,-0.17293,0.012239725,0
6DQJ,R2524C,6.789169366,-19371.05659,-19364.26742,0.709186375,0.157588199,0.385521706,0.72960508,1.892513621,-59028.02685,8207.436427,41523.60648,139.8252428,2080.782708,-1234.256372,-18936.32471,2180.495137,-4645.423867,-823.0580162,-1663.835995,-1660.194008,0.312055108,1176.949735,11668.85663,-1379.248298,0,3217.92128,-196.8741723,0,-59023.41839,8211.436433,41513.94274,139.7993334,2080.117545,-1234.256093,-18930.21367,2180.495137,-4645.540752,-823.0190552,-1664.788396,-1657.228557,0.312055108,1176.988034,11664.94821,-1378.981868,0,3221.27081,-196.1309352,0,0.038299257,0,4.608454769,-3.908417912,0,0.038961007,4.000005729,0.743237068,2.965451594,-9.663738707,0.000278653,0,-0.116884748,6.111036489,-0.952401176,0.266429859,-0.025909415,3.34953,-0.665163101,0
6DQN,R2524C,5.549831027,-20094.42634,-20088.87651,0.504160404,0.141121075,0.104499155,0.45921446,4.394432275,-59245.47345,8290.972168,41424.35804,136.3725689,2047.57581,-1217.204197,-19048.26513,2004.664295,-4671.254749,-869.2032265,-1634.228021,-1784.343138,0.780824355,1131.722556,11640.92195,-1384.414831,0,3196.27216,-113.6799699,0,-59241.57147,8290.437934,41416.11065,136.3499267,2046.94283,-1216.512816,-19042.08848,2004.664295,-4671.246013,-869.1993133,-1634.246316,-1782.500261,0.780824355,1131.807157,11638.84412,-1383.958971,0,3199.62169,-113.1122901,0,0.084600282,0,3.90197964,-2.077827453,0,0.003913267,-0.534234269,0.567679788,1.84287652,-8.247396759,0.691380795,0,0.008736332,6.176650633,-0.018295247,0.455859333,-0.022642225,3.34953,-0.632979608,0
6DQV,R2524C,5.395737776,-18777.05083,-18771.65509,0.468615949,0.143658727,0.267396107,0.407160336,1.522686102,-60054.06681,8896.064855,42346.28974,146.1798389,2166.449958,-1192.778609,-19297.38029,2196.680248,-4672.716192,-822.6895777,-1703.564446,-1662.069378,-1.114104652,1140.161887,11997.81768,-1393.089493,0,3183.09984,-50.32596966,0,-60049.33487,8896.148785,42337.21063,146.1540941,2165.836403,-1192.109561,-19291.77945,2196.680248,-4672.732482,-822.6918419,-1703.587159,-1660.52425,-1.114104652,1140.168466,11995.99475,-1392.751866,0,3186.44937,-49.67224252,0,0.006578668,0,4.73193458,-1.82293113,0,-0.002264236,0.083929176,0.653727138,1.545128031,-9.079107251,0.669048108,0,-0.016290411,5.600841218,-0.022713434,0.337627325,-0.025744819,3.34953,-0.613555187,0
6DQS,R2524C,4.294715035,-18287.48523,-18283.19051,0.788526297,0.22565034,0.160185849,0.508146804,3.172232808,-60917.88645,9490.608288,43252.12129,145.5003075,2151.642614,-1127.11737,-19420.36452,1977.845205,-4617.01509,-803.5790739,-1690.912876,-1696.118755,-1.639647056,1279.061802,12101.35398,-1368.379172,0,3195.43683,-238.0425876,0,-60913.88583,9492.026032,43240.37217,145.4478185,2150.014056,-1127.360735,-19410.53014,1977.845205,-4616.439267,-803.5856704,-1690.865492,-1693.120816,-1.639647056,1278.948281,12095.8885,-1367.665277,0,3198.78636,-237.4260636,0,-0.113520699,0,4.000619652,-5.465479138,0,-0.006596515,1.417744612,0.616523973,2.997938688,-11.74911467,-0.243364428,0,0.575822352,9.834379294,0.047383916,0.713895039,-0.05248907,3.34953,-1.628557972,0
6DQZ,R2524C,5.114867464,-15350.82634,-15345.71147,0.821806252,0.217894003,0.302576944,0.271342588,0.896772188,-63615.59805,11270.572,45637.48148,158.1157396,2256.458986,-1060.960668,-19542.39392,1851.679949,-4432.033464,-771.2271455,-1685.477131,-1508.850679,1.376823553,1387.319697,12916.68296,-1311.749527,0,3189.686,-91.90940125,0,-63605.82514,11268.52696,45621.35679,158.0398647,2255.844905,-1061.502877,-19530.57645,1851.679949,-4432.343299,-771.1903677,-1684.94434,-1507.335038,1.376823553,1387.621468,12913.33835,-1311.423668,0,3193.03553,-91.39091807,0,0.301771058,0,9.772903661,-3.344616894,0,0.036777848,-2.045040961,0.518483185,1.515641447,-16.12469695,-0.54220833,0,-0.309835327,11.81746437,0.532790484,0.325858923,-0.075874847,3.34953,-0.614080197,0
6DR0,R2524C,4.310221129,-16682.84464,-16678.53442,0.77507937,0.187633306,0.458475648,0.357883022,0.780593306,-62160.49885,10230.31193,44236.54152,155.6887999,2243.018605,-1081.041281,-19435.85764,2092.52601,-4576.831664,-773.2765722,-1696.737851,-1532.333407,3.252950099,1385.144755,12522.55396,-1360.425521,0,3186.39292,-121.2733084,0,-62154.85913,10230.56061,44227.48605,155.6698393,2242.329708,-1080.531853,-19431.73688,2092.52601,-4577.055683,-773.2890171,-1696.709429,-1531.483968,3.252950099,1385.250177,12521.13538,-1360.180553,0,3189.74245,-120.6410811,0,0.105421828,0,5.639721133,-1.418580326,0,-0.012444946,0.248675645,0.632227355,0.849439683,-9.055469783,0.509427896,0,-0.224018416,4.120758676,0.02842195,0.244967831,-0.018960638,3.34953,-0.688896758,0
6DR2,R2524C,4.966214293,-16409.03841,-16404.07219,0.733601868,0.132465035,0.275247736,0.310775802,1.129076688,-63550.49153,10973.60441,44970.87762,149.0673985,2151.117272,-1087.981129,-19564.67887,1899.577172,-4543.338845,-735.9649941,-1626.9196,-1555.382275,-2.617735653,1411.997224,12627.58421,-1270.786206,0,3234.74552,110.5519393,0,-63544.80224,10973.70145,44961.15134,149.0444065,2150.310575,-1087.88889,-19558.78191,1899.577172,-4543.606799,-735.983404,-1626.822561,-1553.178203,-2.617735653,1411.929172,12625.10622,-1270.384186,0,3238.09505,111.0783366,0,-0.068051972,0,5.689294015,-2.47799029,0,-0.018409986,0.097035718,0.526397333,2.204072352,-9.726281193,0.092239156,0,-0.267954487,5.896962858,0.097039046,0.40202081,-0.022992018,3.34953,-0.806697049,0
6DRA,R2524C,4.504451739,-16742.01011,-16737.50566,0.396648794,0.107146002,1.009061857,0.207301502,0.205439836,-62410.80184,10503.17105,43505.15468,139.9473933,2079.404847,-1104.12588,-19347.6897,2301.060533,-4568.272503,-705.2830379,-1720.275429,-1596.5168,1.297887794,1497.241694,12232.57517,-1207.821732,0,3234.74552,424.1780385,0,-62407.48941,10503.05411,43494.9188,139.9150468,2078.654408,-1104.783055,-19340.45129,2301.060533,-4568.535713,-705.2982979,-1720.261222,-1591.630095,1.297887794,1497.456896,12228.94689,-1207.684057,0,3238.09505,425.2278468,0,0.21520158,0,3.312434301,-3.628275091,0,-0.015260015,-0.116941095,1.049808336,4.886704786,-10.23587866,-0.657174416,0,-0.263210081,7.238416782,0.014206924,0.137674721,-0.032346533,3.34953,-0.750439796,0
6DRC,R2524C,4.209900319,-18841.52921,-18837.31931,0.499576777,0.168005094,0.30708656,0.211348418,0.688237279,-62283.62025,10087.53441,43495.78338,142.0099196,2089.882334,-1130.331577,-19684.98817,1977.962951,-4596.125118,-789.0100624,-1685.966506,-1678.482295,-1.674769938,1334.537095,12044.09188,-1320.924122,0,3235.45488,-77.66318804,0,-62279.49813,10087.05807,43488.22223,141.9884006,2089.289687,-1130.185571,-19679.99557,1977.962951,-4596.021412,-788.9859281,-1686.018366,-1677.140759,-1.674769938,1334.594114,12042.05624,-1320.617705,0,3238.80441,-77.15719955,0,0.057018927,0,4.12211946,-2.035631045,0,0.024134328,-0.476338311,0.505988486,1.341536631,-7.56115739,0.146005082,0,0.103706302,4.992598072,-0.051860479,0.306416954,-0.021519033,3.34953,-0.592647667,0
6DQJ,R2524H,4.153311452,-19371.16025,-19367.00694,0.74155575,0.16359745,0.464973527,0.452761938,0.973737021,-59026.74985,8206.288637,41522.30849,139.8319407,2081.062159,-1234.739028,-18935.6365,2180.495137,-4645.584476,-823.0526771,-1663.757377,-1658.644657,0.312055108,1176.879317,11668.10456,-1379.210644,0,3217.92128,-196.9886134,0,-59022.01719,8207.0846,41513.29863,139.8105032,2080.679572,-1234.662698,-18929.4843,2180.495137,-4645.41598,-823.0574155,-1663.728135,-1656.390006,0.312055108,1176.919218,11667.24825,-1379.112001,0,3217.71537,-196.7025373,0,0.039901294,0,4.732664728,-0.856315011,0,-0.004738384,0.795962341,0.286076159,2.254651151,-9.009865283,0.076329506,0,0.168496042,6.152199128,0.029241913,0.098643134,-0.021437464,-0.20591,-0.382587802,0
6DQN,R2524H,4.105591702,-20094.42634,-20090.32075,0.49957329,0.12257278,0.334508752,0.20902496,0.624871424,-59245.47345,8290.972168,41424.35804,136.3725689,2047.57581,-1217.204197,-19048.26513,2004.664295,-4671.254749,-869.2032265,-1634.228021,-1784.343138,0.780824355,1131.722556,11640.92195,-1384.414831,0,3196.27216,-113.6799699,0,-59242.90232,8290.966033,41418.83554,136.3524294,2047.612305,-1216.883455,-19041.85925,2004.664295,-4671.383855,-869.2137606,-1634.236775,-1782.64187,0.780824355,1131.874791,11639.34827,-1384.311453,0,3196.06625,-113.3887538,0,0.152234891,0,2.571125537,-1.573673628,0,-0.010534092,-0.006135345,0.29121605,1.701268305,-5.522499992,0.320741746,0,-0.129106507,6.405884761,-0.008753797,0.103377496,-0.020139505,-0.20591,0.036495782,0
6DQV,R2524H,3.008067885,-18776.99688,-18773.98881,0.466962963,0.123325936,0.573762847,0.29600246,0.515896876,-60053.6665,8896.147732,42346.28381,146.1762345,2166.461701,-1192.840703,-19297.35187,2196.680248,-4672.748662,-822.7064893,-1703.564846,-1662.052775,-1.114104652,1140.20462,11997.42708,-1393.106273,0,3183.09984,-50.32592163,0,-60051.37878,8895.788789,42341.62265,146.1543911,2166.464502,-1192.653903,-19292.12817,2196.680248,-4672.748583,-822.6989177,-1703.604212,-1661.463295,-1.114104652,1140.153754,11997.30447,-1393.085343,0,3182.89393,-50.17623768,0,-0.050866461,0,2.287715665,-0.122611505,0,0.007571629,-0.358942811,0.149683949,0.589480317,-4.661156179,0.186800038,0,7.90E-05,5.223702213,-0.039365835,0.020930198,-0.021843424,-0.20591,0.00280104,0
6DQS,R2524H,2.984050679,-18287.48523,-18284.50118,0.640321732,0.178648144,0.289633502,0.415836332,1.435732845,-60917.88645,9490.608288,43252.12129,145.5003075,2151.642614,-1127.11737,-19420.36452,1977.845205,-4617.01509,-803.5790739,-1690.912876,-1696.118755,-1.639647056,1279.061802,12101.35398,-1368.379172,0,3195.43683,-238.0425876,0,-60916.7124,9491.284507,43245.0652,145.4658581,2151.661752,-1128.507752,-19411.34725,1977.845205,-4617.179758,-803.5794865,-1690.748837,-1693.951089,-1.639647056,1278.858772,12099.84332,-1368.386355,0,3195.23092,-237.7041352,0,-0.203029622,0,1.174050493,-1.510664777,0,-0.000412618,0.676219709,0.338452448,2.16766559,-7.056087428,-1.390381898,0,-0.164668694,9.017274499,0.164038439,-0.007183748,-0.034449463,-0.20591,0.019137751,0
6DQZ,R2524H,4.675723918,-15351.22498,-15346.54925,0.93964076,0.223623976,0.510925825,0.454714311,0.889981067,-63615.08051,11269.03774,45636.97036,158.1187813,2256.448263,-1061.064642,-19541.77953,1851.679949,-4431.900966,-771.2032586,-1685.33396,-1509.136416,1.376823553,1387.347954,12917.24176,-1311.753536,0,3189.686,-91.87978375,0,-63604.15498,11266.3546,45619.13433,158.0413371,2256.837174,-1062.191796,-19529.26916,1851.679949,-4432.128866,-771.2079548,-1685.056376,-1505.684027,1.376823553,1388.00055,12915.92159,-1311.813334,0,3189.48009,-91.86920599,0,0.65259636,0,10.92552763,-1.320164696,0,-0.004696187,-2.683140039,0.010577763,3.452388343,-17.83602724,-1.127154812,0,-0.227899174,12.51037366,0.277583221,-0.05979819,-0.077444198,-0.20591,0.388911471,0
6DR0,R2524H,0.847839812,-16677.99173,-16677.14389,0.549123883,0.15558435,0.309408069,0.365234296,1.180429123,-62163.85823,10232.30177,44242.13812,155.6823776,2242.262424,-1079.021332,-19434.90593,2092.52601,-4576.609888,-773.2406982,-1696.727637,-1532.497789,3.252950099,1385.307373,12520.83568,-1360.24907,0,3186.39292,-121.5807796,0,-62161.22686,10232.77327,44235.92032,155.671743,2241.964526,-1080.468755,-19431.51894,2092.52601,-4576.536664,-773.2285622,-1696.661529,-1531.506444,3.252950099,1385.70614,12521.90787,-1360.576398,0,3186.18701,-121.3295755,0,0.39876707,0,2.631371711,1.07218799,0,0.012135971,0.471494481,0.251204169,0.991344829,-6.217799453,-1.447423584,0,0.073223586,3.386995508,0.06610849,-0.327328222,-0.010634639,-0.20591,-0.297898096,0
6DR2,R2524H,3.52462514,-16409.03841,-16405.51378,0.679839551,0.162495673,0.46505665,0.340347333,0.731840589,-63550.49153,10973.60441,44970.87762,149.0673985,2151.117272,-1087.981129,-19564.67887,1899.577172,-4543.338845,-735.9649941,-1626.9196,-1555.382275,-2.617735653,1411.997224,12627.58421,-1270.786206,0,3234.74552,110.5519393,0,-63547.67628,10974.9927,44964.00293,149.0557364,2150.586198,-1087.722238,-19560.62185,1899.577172,-4543.22932,-735.9664664,-1626.87656,-1553.84764,-2.617735653,1412.067054,12628.11641,-1270.476988,0,3234.53961,110.5834803,0,0.069830003,0,2.815255412,0.532195174,0,-0.00147232,1.388281444,0.031541001,1.534635264,-6.874689908,0.258891103,0,0.10952477,4.057021186,0.043039582,0.30921875,-0.011662127,-0.20591,-0.531074195,0
6DRA,R2524H,2.500289186,-16742.13491,-16739.63462,0.476528585,0.132936284,0.391547838,0.111206381,0.284017354,-62410.44701,10502.56159,43505.07518,139.947468,2079.405957,-1104.211587,-19347.39483,2301.060533,-4568.315134,-705.2806827,-1720.31476,-1596.480009,1.297887794,1497.237137,12232.61711,-1207.824318,0,3234.74552,424.1850457,0,-62407.97569,10502.36703,43496.3699,139.9112154,2079.692972,-1105.239658,-19339.59108,2301.060533,-4568.515934,-705.2682995,-1720.261609,-1592.898511,1.297887794,1497.595647,12230.15714,-1207.87198,0,3234.53961,424.9962148,0,0.358509775,0,2.471315741,-2.459975715,0,0.01238311,-0.194557252,0.811169086,3.581497451,-8.705278073,-1.028070799,0,-0.200800397,7.803753614,0.053151237,-0.0476615,-0.036252563,-0.20591,0.287015469,0
6DRC,R2524H,4.314773693,-18842.41794,-18838.10317,0.505761206,0.162489459,0.311291078,0.529488082,1.700942043,-62285.7111,10087.21861,43500.12953,142.0229321,2090.425016,-1130.006327,-19688.77891,1977.962951,-4596.098483,-789.0050807,-1686.02142,-1679.26237,-1.674769938,1334.486902,12045.09413,-1320.903607,0,3235.45488,-77.75082613,0,-62282.72709,10088.13291,43493.52481,141.9973343,2089.97424,-1130.232457,-19680.95489,1977.962951,-4596.012023,-789.0148532,-1686.042357,-1677.474074,-1.674769938,1334.590481,12043.04317,-1320.903283,0,3235.24897,-77.5422462,0,0.103579265,0,2.984013235,-2.050969047,0,-0.009772509,0.914302875,0.208579935,1.788295367,-6.604712849,-0.226129645,0,0.086459072,7.824025366,-0.020937624,0.000324003,-0.025597796,-0.20591,-0.450775954,0
6DQJ,I2506N,5.032367489,-19364.28145,-19359.24908,0.204091519,0.139859572,0.198000494,0.846819828,4.276857147,-59031.35246,8211.131982,41535.03957,139.6978433,2080.744477,-1232.776431,-18941.88775,2180.495137,-4645.875314,-822.6305456,-1665.624991,-1660.604912,0.312055108,1177.311592,11669.85711,-1378.999468,0,3217.92128,-197.04061,0,-59029.58541,8212.026755,41538.4123,139.6570566,2080.850339,-1232.796508,-18941.18173,2180.495137,-4645.558805,-822.3513957,-1665.796141,-1660.640229,0.312055108,1177.540066,11671.0082,-1378.921454,0,3214.27728,-196.9965957,0,0.228474209,0,1.767052131,1.151091536,0,0.279149897,0.894773307,0.044014249,-0.035317803,3.37273253,-0.020076634,0,0.31650926,0.70602535,-0.171150138,0.078014087,-0.04078677,-3.644,0.105862276,0
6DQN,I2506N,3.255097969,-20090.16144,-20086.90634,0.139006272,0.113411032,0.414293288,0.32533917,0.785287088,-59254.25752,8295.994713,41434.71632,136.2942311,2046.939012,-1218.473881,-19050.87103,2004.664295,-4670.960796,-869.1101094,-1634.493369,-1784.003004,0.780824355,1132.623548,11640.87538,-1383.885794,0,3196.27216,-113.2664222,0,-59252.54766,8294.952896,41437.68213,136.2443744,2047.54418,-1218.77622,-19050.22206,2004.664295,-4670.621473,-868.8491722,-1634.26239,-1784.04459,0.780824355,1132.781266,11642.0187,-1383.535278,0,3192.62816,-113.3443299,0,0.157717713,0,1.709856571,1.143319948,0,0.260937251,-1.041816847,-0.077907688,-0.041586358,2.965814984,-0.30233881,0,0.339323705,0.648970819,0.230979343,0.350515995,-0.049856637,-3.644,0.605167981,0
6DQV,I2506N,3.834559322,-18761.08923,-18757.25467,0.233024895,0.129829407,0.191212751,0.615957998,3.221322826,-60063.97456,8905.880834,42363.74878,146.1636088,2166.959262,-1188.873459,-19305.81472,2196.680248,-4672.211533,-822.7214426,-1705.445049,-1664.023322,-1.114104652,1141.868049,12000.77484,-1392.430422,0,3183.09984,-49.65607186,0,-60062.11768,8906.335,42366.72867,146.0849136,2167.509338,-1189.21489,-19305.14525,2196.680248,-4672.21796,-822.6159848,-1705.264065,-1664.034437,-1.114104652,1141.578525,12002.17645,-1392.24836,0,3179.45584,-49.83091007,0,-0.289523994,0,1.856880848,1.40161298,0,0.105457809,0.454166525,-0.174838209,-0.011115037,2.979885928,-0.341431303,0,-0.006427251,0.669463489,0.180984006,0.182062487,-0.078695184,-3.644,0.550076229,0
6DQS,I2506N,4.212502548,-18272.25237,-18268.03987,0.742162943,0.175435886,0.182030378,0.469999662,2.581984758,-60930.69902,9499.990601,43267.65867,145.4291517,2151.726157,-1125.474543,-19425.33576,1977.845205,-4617.480802,-804.0656596,-1692.222509,-1695.073223,-1.639647056,1280.067716,12106.31668,-1367.730356,0,3195.43683,-237.0018693,0,-60929.74898,9500.334857,43271.00678,145.4074779,2151.897084,-1125.384109,-19424.44471,1977.845205,-4617.490069,-803.9379659,-1692.255116,-1695.051669,-1.639647056,1280.053243,12107.0473,-1367.259508,0,3191.79283,-236.212875,0,-0.014472966,0,0.950042849,0.730616857,0,0.127693713,0.344256172,0.788994355,0.021554505,3.348109699,0.090434437,0,-0.009267612,0.891045858,-0.032606769,0.47084853,-0.021673768,-3.644,0.170926688,0
6DQZ,I2506N,3.533789643,-15323.1179,-15319.58411,0.301858127,0.132777885,0.474107741,0.405543343,0.855382243,-63630.69216,11276.8055,45667.13261,158.1284883,2257.50035,-1060.451625,-19548.58623,1851.679949,-4432.552228,-770.5383173,-1685.38148,-1508.390594,1.376823553,1388.466085,12925.62056,-1311.656961,0,3189.686,-91.26466029,0,-63629.07017,11276.23095,45670.34268,158.0930687,2257.641165,-1060.556262,-19548.40664,1851.679949,-4432.696261,-770.3317198,-1685.454852,-1508.366369,1.376823553,1388.676504,12926.1838,-1310.977722,0,3186.042,-89.99104555,0,0.210419571,0,1.621987912,0.563232329,0,0.206597495,-0.574548216,1.273614737,0.024224827,3.210070471,-0.10463747,0,-0.144032853,0.179598022,-0.073372284,0.67923955,-0.035419599,-3.644,0.14081515,0
6DR0,I2506N,6.108662878,-16667.36175,-16661.25308,0.376534641,0.162313998,0.628892877,0.3303581,0.525301067,-62186.50959,10243.38856,44264.11628,155.6680495,2242.959072,-1079.786737,-19445.75719,2092.52601,-4577.667006,-773.1457516,-1695.888259,-1533.04935,3.252950099,1385.986803,12530.30425,-1359.60567,0,3186.39292,-120.5470821,0,-62184.71806,10244.21422,44268.6048,155.6221175,2243.097656,-1079.58873,-19445.81689,2092.52601,-4577.625031,-772.9065241,-1695.93058,-1533.093736,3.252950099,1385.826409,12531.04245,-1358.988895,0,3182.74892,-119.5201703,0,-0.160393788,0,1.791532999,0.738199383,0,0.239227412,0.825660822,1.026911861,-0.044385787,4.488525887,0.198007411,0,0.041975325,-0.059705948,-0.042320373,0.616775293,-0.045932017,-3.644,0.138584396,0
6DR2,I2506N,-0.536715584,-16398.03945,-16398.57617,0.452948809,0.40121755,0.338953176,0.392916512,1.159205873,-63571.7528,10990.2742,44989.04884,149.0061943,2151.500512,-1088.956652,-19574.03366,1899.577172,-4545.305479,-735.423497,-1627.691577,-1556.678716,-2.617735653,1413.797313,12635.20363,-1270.252409,0,3234.74552,111.5196911,0,-63564.44984,10983.3601,44988.34966,148.9426009,2151.896156,-1089.513151,-19571.66493,1899.577172,-4545.47143,-734.971465,-1627.679433,-1556.346181,-2.617735653,1413.819603,12634.31552,-1269.694385,0,3231.10152,112.4700541,0,0.022289956,0,7.302969119,-0.888116237,0,0.452032009,-6.914103378,0.950362985,0.332534396,-0.699183514,-0.556498601,0,-0.165950898,2.368729937,0.012143755,0.55802376,-0.063593365,-3.644,0.395644493,0
6DRA,I2506N,4.792723208,-16737.05142,-16732.25869,0.222015202,0.180371583,0.483255938,0.391195651,0.809499936,-62418.67064,10513.54706,43510.42472,139.8988347,2080.217621,-1103.674313,-19356.72621,2301.060533,-4567.732418,-705.567856,-1722.559313,-1591.905497,1.297887794,1498.038951,12233.99477,-1207.760837,0,3234.74552,424.3197675,0,-62417.76595,10513.26986,43515.57171,139.8575852,2080.368101,-1103.912641,-19356.78032,2301.060533,-4568.250644,-705.6364554,-1722.66418,-1591.921322,1.297887794,1497.969176,12235.07854,-1206.787778,0,3231.10152,425.8856804,0,-0.06977493,0,0.904683956,1.083770632,0,-0.068599432,-0.277206114,1.565912957,-0.015824878,5.146997829,-0.238328087,0,-0.518225642,-0.05410586,-0.104866859,0.973059165,-0.041249488,-3.644,0.150479959,0
6DRC,I2506N,3.88635904,-18832.46598,-18828.57962,0.342526257,0.212237,0.399570438,0.447041117,1.118804281,-62301.5916,10101.79478,43517.94882,141.9467331,2090.580138,-1128.715126,-19700.19912,1977.962951,-4594.969221,-789.04247,-1687.000286,-1681.894639,-1.674769938,1335.193256,12049.15515,-1320.510583,0,3235.45488,-76.90488628,0,-62300.16694,10102.66605,43519.02049,141.8929085,2091.140262,-1129.460134,-19699.52254,1977.962951,-4594.646818,-788.7750092,-1686.538204,-1681.33599,-1.674769938,1335.604405,12050.8928,-1320.283648,0,3231.81088,-77.1663151,0,0.411148629,0,1.424657879,1.737643286,0,0.267460762,0.871269234,-0.261428825,0.558648729,1.07166851,-0.745008165,0,0.322402811,0.676579591,0.462081385,0.226935884,-0.053824593,-3.644,0.560123925,0